10,6360,6282.0
10,6370,6300.0
10,6380,6310.0
10,6390,6320.0
10,6400,6330.0
10,6410,6340.0
10,6420,6350.0
10,6430,6360.0
10,6440,6370.0
10,6450,6380.0
10,6460,6390.0
10,6470,6400.0
10,6480,6410.0
10,6490,6420.0
10,6500,6430.0
10,6510,6440.0
10,6520,6450.0
10,6530,6460.0
10,6540,6470.0
10,6550,6480.0
10,6560,6490.0
10,6570,6500.0
10,6580,6510.0
10,6590,6520.0
10,6600,6530.0
10,6610,6540.0
10,6620,6550.0
10,6630,6560.0
10,6640,6570.0
10,6650,6580.0
10,6660,6590.0
10,6670,6600.0
10,6680,6610.0
10,6690,6620.0
10,6700,6630.0
10,6710,6640.0
10,6720,6650.0
10,6730,6660.0
10,6740,6670.0
10,6750,6680.0
10,6760,6690.0
10,6770,6700.0
10,6780,6710.0
10,6790,6720.0
10,6800,6730.0
10,6810,6740.0
10,6820,6750.0
10,6830,6760.0
10,6840,6770.0
10,6850,6780.0
10,6860,6790.0
10,6870,6800.0
10,6880,6810.0
10,6890,6820.0
10,6900,6830.0
10,6910,6840.0
10,6920,6850.0
10,6930,6860.0
10,6940,6870.0
10,6950,6880.0
10,6960,6890.0
10,6970,6900.0
10,6980,6910.0
10,6990,6920.0
10,7000,6930.0
10,7010,6940.0
10,7020,6950.0
10,7030,6960.0
10,7040,6970.0
10,7050,6980.0
10,7060,6990.0
10,7070,7000.0
10,7080,7010.0
10,7090,7020.0
10,7100,7030.0
10,7110,7040.0
10,7120,7050.0
10,7130,7060.0
10,7140,7070.0
10,7150,7080.0
10,7160,7090.0
10,7170,7100.0
10,7180,7110.0
10,7190,7120.0
10,7200,7130.0
10,7210,7140.0
10,7220,7150.0
10,7230,7160.0
10,7240,7170.0
10,7250,7180.0
10,7260,7190.0
10,7270,7200.0
10,7280,7210.0
10,7290,7220.0
10,7300,7230.0
10,7310,7240.0
10,7320,7250.0
10,7330,7260.0
10,7340,7270.0
10,7350,7280.0
10,7360,7290.0
10,7370,7300.0
10,7380,7310.0
10,7390,7320.0
10,7400,7330.0
10,7410,7340.0
10,7420,7350.0
10,7430,7360.0
10,7440,7370.0
10,7450,7380.0
10,7460,7390.0
10,7470,7400.0
10,7480,7410.0
10,7490,7420.0
10,7500,7430.0
10,7510,7440.0
10,7520,7450.0
10,7530,7460.0
10,7540,7470.0
10,7550,7480.0
10,7560,7490.0
10,7570,7500.0
10,7580,7510.0
10,7590,7520.0
10,7600,7530.0
10,7610,7540.0
10,7620,7550.0
10,7630,7560.0
10,7640,7570.0
10,7650,7580.0
10,7660,7590.0
10,7670,7600.0
10,7680,7610.0
10,7690,7620.0
10,7700,7630.0
10,7710,7640.0
10,7720,7650.0
10,7730,7660.0
10,7740,7670.0
10,7750,7680.0
10,7760,7690.0
10,7770,7700.0
10,7780,7710.0
10,7790,7720.0
10,7800,7730.0
10,7810,7740.0
10,7820,7750.0
10,7830,7760.0
10,7840,7770.0
10,7850,7780.0
10,7860,7790.0
10,7870,7800.0
10,7880,7810.0
10,7890,7820.0
10,7900,7830.0
10,7910,7840.0
10,7920,7850.0
10,7930,7860.0
10,7940,7870.0
10,7950,7880.0
10,7960,7890.0
10,7970,7900.0
10,7980,7910.0
10,7990,7920.0
10,8000,7930.0
10,8010,7940.0
10,8020,7950.0
10,8030,7960.0
10,8040,7970.0
10,8050,7980.0
10,8060,7990.0
10,8070,8000.0
10,8080,8010.0
10,8090,8020.0
10,8100,8030.0
10,8110,8040.0
10,8120,8050.0
10,8130,8060.0
10,8140,8070.0
10,8150,8080.0
10,8160,8090.0
10,8170,8100.0
10,8180,8110.0
10,8190,8120.0
10,8200,8130.0
10,8210,8140.0
10,8220,8150.0
10,8230,8160.0
10,8240,8170.0
10,8250,8180.0
10,8260,8190.0
10,8270,8200.0
10,8280,8210.0
10,8290,8220.0
10,8300,8230.0
10,8310,8240.0
10,8320,8250.0
10,8330,8260.0
10,8340,8270.0
10,8350,8280.0
10,8360,8290.0
10,8370,8300.0
10,8380,8310.0
10,8390,8320.0
10,8400,8330.0
10,8410,8340.0
10,8420,8350.0
10,8430,8360.0
10,8440,8370.0
10,8450,8380.0
10,8460,8390.0
10,8470,8400.0
10,8480,8410.0
10,8490,8420.0
10,8500,8430.0
10,8510,8440.0
10,8520,8450.0
10,8530,8460.0
10,8540,8470.0
10,8550,8480.0
10,8560,8490.0
10,8570,8500.0
10,8580,8510.0
10,8590,8520.0
10,8600,8530.0
10,8610,8540.0
10,8620,8550.0
10,8630,8560.0
10,8640,8570.0
10,8650,8580.0
10,8660,8590.0
10,8670,8600.0
10,8680,8610.0
10,8690,8620.0
10,8700,8630.0
10,8710,8640.0
10,8720,8650.0
10,8730,8660.0
10,8740,8670.0
10,8750,8680.0
10,8760,8690.0
10,8770,8700.0
10,8780,8710.0
10,8790,8720.0
10,8800,8730.0
10,8810,8740.0
10,8820,8750.0
10,8830,8760.0
10,8840,8770.0
10,8850,8780.0
10,8860,8790.0
10,8870,8800.0
10,8880,8810.0
10,8890,8820.0
10,8900,8830.0
10,8910,8840.0
10,8920,8850.0
10,8930,8860.0
10,8940,8870.0
10,8950,8880.0
10,8960,8890.0
10,8970,8900.0
10,8980,8910.0
10,8990,8920.0
10,9000,8930.0
10,9010,8940.0
10,9020,8950.0
10,9030,8960.0
10,9040,8970.0
10,9050,8980.0
10,9060,8990.0
10,9070,9000.0
10,9080,9010.0
10,9090,9020.0
10,9100,9030.0
10,9110,9040.0
10,9120,9050.0
10,9130,9060.0
10,9140,9070.0
10,9150,9080.0
10,9160,9090.0
10,9170,9100.0
10,9180,9110.0
10,9190,9120.0
10,9200,9130.0
10,9210,9140.0
10,9220,9150.0
10,9230,9160.0
10,9240,9170.0
10,9250,9180.0
10,9260,9190.0
10,9270,9200.0
10,9280,9210.0
10,9290,9220.0
10,9300,9230.0
10,9310,9240.0
10,9320,9250.0
10,9330,9260.0
10,9340,9270.0
10,9350,9280.0
10,9360,9290.0
10,9370,9300.0
10,9380,9310.0
10,9390,9320.0
10,9400,9330.0
10,9410,9340.0
10,9420,9350.0
10,9430,9360.0
10,9440,9370.0
10,9450,9380.0
10,9460,9390.0
10,9470,9400.0
10,9480,9410.0
10,9490,9420.0
10,9500,9430.0
10,9510,9440.0
10,9520,9450.0
10,9530,9460.0
10,9540,9470.0
10,9550,9480.0
10,9560,9490.0
10,9570,9500.0
10,9580,9510.0
10,9590,9520.0
10,9600,9530.0
10,9610,9540.0
10,9620,9550.0
10,9630,9560.0
10,9640,9570.0
10,9650,9580.0
10,9660,9590.0
10,9670,9600.0
10,9680,9610.0
10,9690,9620.0
10,9700,9630.0
10,9710,9640.0
10,9720,9650.0
10,9730,9660.0
10,9740,9670.0
10,9750,9680.0
10,9760,9690.0
10,9770,9700.0
10,9780,9710.0
10,9790,9720.0
10,9800,9730.0
10,9810,9740.0
10,9820,9750.0
10,9830,9760.0
10,9840,9770.0
10,9850,9780.0
10,9860,9790.0
10,9870,9800.0
10,9880,9810.0
10,9890,9820.0
10,9900,9830.0
10,9910,9840.0
10,9920,9850.0
10,9930,9860.0
10,9940,9870.0
10,9950,9880.0
10,9960,9890.0
10,9970,9900.0
10,9980,9910.0
10,9990,9920.0
10,10000,9930.0
10,10010,9940.0
10,10020,9950.0
10,10030,9960.0
10,10040,9970.0
10,10050,9980.0
10,10060,9990.0
10,10070,10000.0
10,10080,10010.0
10,10090,10020.0
10,10100,10030.0
10,10110,10040.0
10,10120,10050.0
10,10130,10060.0
10,10140,10070.0
10,10150,10080.0
10,10160,10090.0
10,10170,10100.0
10,10180,10110.0
10,10190,10120.0
10,10200,10130.0
10,10210,10140.0
10,10220,10150.0
10,10230,10160.0
10,10240,10170.0
10,10250,10180.0
10,10260,10190.0
10,10270,10200.0
10,10280,10210.0
10,10290,10220.0
10,10300,10230.0
10,10310,10240.0
10,10320,10250.0
10,10330,10260.0
10,10340,10270.0
10,10350,10280.0
10,10360,10290.0
10,10370,10300.0
10,10380,10310.0
10,10390,10320.0
10,10400,10330.0
10,10410,10340.0
10,10420,10350.0
10,10430,10360.0
10,10440,10370.0
10,10450,10380.0
10,10460,10390.0
10,10470,10400.0
10,10480,10410.0
10,10490,10420.0
10,10500,10430.0
10,10510,10440.0
10,10520,10450.0
10,10530,10460.0
10,10540,10470.0
10,10550,10480.0
10,10560,10490.0
10,10570,10500.0
10,10580,10510.0
10,10590,10520.0
10,10600,10530.0
10,10610,10540.0
10,10620,10550.0
10,10630,10560.0
10,10640,10570.0
10,10650,10580.0
10,10660,10590.0
10,10670,10600.0
10,10680,10610.0
10,10690,10620.0
10,10700,10630.0
10,10710,10640.0
10,10720,10650.0
10,10730,10660.0
10,10740,10670.0
10,10750,10680.0
10,10760,10690.0
10,10770,10700.0
10,10780,10710.0
10,10790,10720.0
10,10800,10730.0
10,10810,10740.0
10,10820,10750.0
10,10830,10760.0
10,10840,10770.0
10,10850,10780.0
10,10860,10790.0
10,10870,10800.0
10,10880,10810.0
10,10890,10820.0
10,10900,10830.0
10,10910,10840.0
10,10920,10850.0
10,10930,10860.0
10,10940,10870.0
10,10950,10880.0
10,10960,10890.0
10,10970,10900.0
10,10980,10910.0
10,10990,10920.0
10,11000,10930.0
10,11010,10940.0
10,11020,10950.0
10,11030,10960.0
10,11040,10970.0
10,11050,10980.0
10,11060,10990.0
10,11070,11000.0
10,11080,11010.0
10,11090,11020.0
10,11100,11030.0
10,11110,11040.0
10,11120,11050.0
10,11130,11060.0
10,11140,11070.0
10,11150,11080.0
10,11160,11090.0
10,11170,11100.0
10,11180,11110.0
10,11190,11120.0
10,11200,11130.0
10,11210,11140.0
10,11220,11150.0
10,11230,11160.0
10,11240,11170.0
10,11250,11180.0
10,11260,11190.0
10,11270,11200.0
10,11280,11210.0
10,11290,11220.0
10,11300,11230.0
10,11310,11240.0
10,11320,11250.0
10,11330,11260.0
10,11340,11270.0
10,11350,11280.0
10,11360,11290.0
10,11370,11300.0
10,11380,11310.0
10,11390,11320.0
10,11400,11330.0
10,11410,11340.0
10,11420,11350.0
10,11430,11360.0
10,11440,11370.0
10,11450,11380.0
10,11460,11390.0
10,11470,11400.0
10,11480,11410.0
10,11490,11420.0
10,11500,11430.0
10,11510,11440.0
10,11520,11450.0
10,11530,11460.0
10,11540,11470.0
10,11550,11480.0
10,11560,11490.0
10,11570,11500.0
10,11580,11510.0
10,11590,11520.0
10,11600,11530.0
10,11610,11540.0
10,11620,11550.0
10,11630,11560.0
10,11640,11570.0
10,11650,11580.0
10,11660,11590.0
10,11670,11600.0
10,11680,11610.0
10,11690,11620.0
10,11700,11630.0
10,11710,11640.0
10,11720,11650.0
10,11730,11660.0
10,11740,11670.0
10,11750,11680.0
10,11760,11690.0
10,11770,11700.0
10,11780,11710.0
10,11790,11720.0
10,11800,11730.0
10,11810,11740.0
10,11820,11750.0
10,11830,11760.0
10,11840,11770.0
10,11850,11780.0
10,11860,11790.0
10,11870,11800.0
10,11880,11810.0
10,11890,11820.0
10,11900,11830.0
10,11910,11840.0
10,11920,11850.0
10,11930,11860.0
10,11940,11870.0
10,11950,11880.0
10,11960,11890.0
10,11970,11900.0
10,11980,11910.0
10,11990,11920.0
10,12000,11930.0
10,12010,11940.0
10,12020,11950.0
10,12030,11960.0
10,12040,11970.0
10,12050,11980.0
10,12060,11990.0
10,12070,12000.0
10,12080,12010.0
10,12090,12020.0
10,12100,12030.0
10,12110,12040.0
10,12120,12050.0
10,12130,12060.0
10,12140,12070.0
10,12150,12080.0
10,12160,12090.0
10,12170,12100.0
10,12180,12110.0
10,12190,12120.0
10,12200,12130.0
10,12210,12140.0
10,12220,12150.0
10,12230,12160.0
10,12240,12170.0
10,12250,12180.0
10,12260,12190.0
10,12270,12200.0
10,12280,12210.0
10,12290,12220.0
10,12300,12230.0
10,12310,12240.0
10,12320,12250.0
10,12330,12260.0
10,12340,12270.0
10,12350,12280.0
10,12360,12290.0
10,12370,12300.0
10,12380,12310.0
10,12390,12320.0
10,12400,12330.0
10,12410,12340.0
10,12420,12350.0
10,12430,12360.0
10,12440,12370.0
10,12450,12380.0
10,12460,12390.0
10,12470,12400.0
10,12480,12410.0
10,12490,12420.0
10,12500,12430.0
10,12510,12440.0
10,12520,12450.0
10,12530,12460.0
10,12540,12470.0
10,12550,12480.0
10,12560,12490.0
10,12570,12500.0
10,12580,12510.0
10,12590,12520.0
10,12600,12530.0
10,12610,12540.0
10,12620,12550.0
10,12630,12560.0
10,12640,12570.0
10,12650,12580.0
10,12660,12590.0
10,12670,12600.0
10,12680,12610.0
10,12690,12620.0
10,12700,12630.0
10,12710,12640.0
10,12720,12650.0
10,12730,12660.0
10,12740,12670.0
10,12750,12680.0
10,12760,12690.0
10,12770,12700.0
10,12780,12710.0
10,12790,12720.0
10,12800,12730.0
10,12810,12740.0
10,12820,12750.0
10,12830,12760.0
10,12840,12770.0
10,12850,12780.0
10,12860,12790.0
10,12870,12800.0
10,12880,12810.0
10,12890,12820.0
10,12900,12830.0
10,12910,12840.0
10,12920,12850.0
10,12930,12860.0
10,12940,12870.0
10,12950,12880.0
10,12960,12890.0
10,12970,12900.0
10,12980,12910.0
10,12990,12920.0
10,13000,12930.0
10,13010,12940.0
10,13020,12950.0
10,13030,12960.0
10,13040,12970.0
10,13050,12980.0
10,13060,12990.0
10,13070,13000.0
10,13080,13010.0
10,13090,13020.0
10,13100,13030.0
10,13110,13040.0
10,13120,13050.0
10,13130,13060.0
10,13140,13070.0
10,13150,13080.0
10,13160,13090.0
10,13170,13100.0
10,13180,13110.0
10,13190,13120.0
10,13200,13130.0
10,13210,13140.0
10,13220,13150.0
10,13230,13160.0
10,13240,13170.0
10,13250,13180.0
10,13260,13190.0
10,13270,13200.0
10,13280,13210.0
10,13290,13220.0
10,13300,13230.0
10,13310,13240.0
10,13320,13250.0
10,13330,13260.0
10,13340,13270.0
10,13350,13280.0
10,13360,13290.0
10,13370,13300.0
10,13380,13310.0
10,13390,13320.0
10,13400,13330.0
10,13410,13340.0
10,13420,13350.0
10,13430,13360.0
10,13440,13370.0
10,13450,13380.0
10,13460,13390.0
10,13470,13400.0
10,13480,13410.0
10,13490,13420.0
10,13500,13430.0
10,13510,13440.0
10,13520,13450.0
10,13530,13460.0
10,13540,13470.0
10,13550,13480.0
10,13560,13490.0
10,13570,13500.0
10,13580,13510.0
10,13590,13520.0
10,13600,13530.0
10,13610,13540.0
10,13620,13550.0
10,13630,13560.0
10,13640,13570.0
10,13650,13580.0
10,13660,13590.0
10,13670,13600.0
10,13680,13610.0
10,13690,13620.0
10,13700,13630.0
10,13710,13640.0
10,13720,13650.0
10,13730,13660.0
10,13740,13670.0
10,13750,13680.0
10,13760,13690.0
10,13770,13700.0
10,13780,13710.0
10,13790,13720.0
10,13800,13730.0
10,13810,13740.0
10,13820,13750.0
10,13830,13760.0
10,13840,13770.0
10,13850,13780.0
10,13860,13790.0
10,13870,13800.0
10,13880,13810.0
10,13890,13820.0
10,13900,13830.0
10,13910,13840.0
10,13920,13850.0
10,13930,13860.0
10,13940,13870.0
10,13950,13880.0
10,13960,13890.0
10,13970,13900.0
10,13980,13910.0
10,13990,13920.0
10,14000,13930.0
10,14010,13940.0
10,14020,13950.0
10,14030,13960.0
10,14040,13970.0
10,14050,13980.0
10,14060,13990.0
10,14070,14000.0
10,14080,14010.0
10,14090,14020.0
10,14100,14030.0
10,14110,14040.0
10,14120,14050.0
10,14130,14060.0
10,14140,14070.0
10,14150,14080.0
10,14160,14090.0
10,14170,14100.0
10,14180,14110.0
10,14190,14120.0
10,14200,14130.0
10,14210,14140.0
10,14220,14150.0
10,14230,14160.0
10,14240,14170.0
10,14250,14180.0
10,14260,14190.0
10,14270,14200.0
10,14280,14210.0
10,14290,14220.0
10,14300,14230.0
10,14310,14240.0
10,14320,14250.0
10,14330,14260.0
10,14340,14270.0
10,14350,14280.0
10,14360,14290.0
10,14370,14300.0
10,14380,14310.0
10,14390,14320.0
10,14400,14330.0
10,14410,14340.0
10,14420,14350.0
10,14430,14360.0
10,14440,14370.0
10,14450,14380.0
10,14460,14390.0
10,14470,14400.0
10,14480,14410.0
10,14490,14420.0
10,14500,14430.0
10,14510,14440.0
10,14520,14450.0
10,14530,14460.0
10,14540,14470.0
10,14550,14480.0
10,14560,14490.0
10,14570,14500.0
10,14580,14510.0
10,14590,14520.0
10,14600,14530.0
10,14610,14540.0
10,14620,14550.0
10,14630,14560.0
10,14640,14570.0
10,14650,14580.0
10,14660,14590.0
10,14670,14600.0
10,14680,14610.0
10,14690,14620.0
10,14700,14630.0
10,14710,14640.0
10,14720,14650.0
10,14730,14660.0
10,14740,14670.0
10,14750,14680.0
10,14760,14690.0
10,14770,14700.0
10,14780,14710.0
10,14790,14720.0
10,14800,14730.0
10,14810,14740.0
10,14820,14750.0
10,14830,14760.0
10,14840,14770.0
10,14850,14780.0
10,14860,14790.0
10,14870,14800.0
10,14880,14810.0
10,14890,14820.0
10,14900,14830.0
10,14910,14840.0
10,14920,14850.0
10,14930,14860.0
10,14940,14870.0
10,14950,14880.0
10,14960,14890.0
10,14970,14900.0
10,14980,14910.0
10,14990,14920.0
10,15000,14930.0
10,15010,14940.0
10,15020,14950.0
10,15030,14960.0
10,15040,14970.0
10,15050,14980.0
10,15060,14990.0
10,15070,15000.0
10,15080,15010.0
10,15090,15020.0
10,15100,15030.0
10,15110,15040.0
10,15120,15050.0
10,15130,15060.0
10,15140,15070.0
10,15150,15080.0
10,15160,15090.0
10,15170,15100.0
10,15180,15110.0
10,15190,15120.0
10,15200,15130.0
10,15210,15140.0
10,15220,15150.0
10,15230,15160.0
10,15240,15170.0
10,15250,15180.0
10,15260,15190.0
10,15270,15200.0
10,15280,15210.0
10,15290,15220.0
10,15300,15230.0
10,15310,15240.0
10,15320,15250.0
10,15330,15260.0
10,15340,15270.0
10,15350,15280.0
10,15360,15290.0
10,15370,15300.0
10,15380,15310.0
10,15390,15320.0
10,15400,15330.0
10,15410,15340.0
10,15420,15350.0
10,15430,15360.0
10,15440,15370.0
10,15450,15380.0
10,15460,15390.0
10,15470,15400.0
10,15480,15410.0
10,15490,15420.0
10,15500,15430.0
10,15510,15440.0
10,15520,15450.0
10,15530,15460.0
10,15540,15470.0
10,15550,15480.0
10,15560,15490.0
10,15570,15500.0
10,15580,15510.0
10,15590,15520.0
10,15600,15530.0
10,15610,15540.0
10,15620,15550.0
10,15630,15560.0
10,15640,15570.0
10,15650,15580.0
10,15660,15590.0
10,15670,15600.0
10,15680,15610.0
10,15690,15620.0
10,15700,15630.0
10,15710,15640.0
10,15720,15650.0
10,15730,15660.0
10,15740,15670.0
10,15750,15680.0
10,15760,15690.0
10,15770,15700.0
10,15780,15710.0
10,15790,15720.0
10,15800,15730.0
10,15810,15740.0
10,15820,15750.0
10,15830,15760.0
10,15840,15770.0
10,15850,15780.0
10,15860,15790.0
10,15870,15800.0
10,15880,15810.0
10,15890,15820.0
10,15900,15830.0
10,15910,15840.0
10,15920,15850.0
10,15930,15860.0
10,15940,15870.0
10,15950,15880.0
10,15960,15890.0
10,15970,15900.0
10,15980,15910.0
10,15990,15920.0
10,16000,15930.0
10,16010,15940.0
10,16020,15950.0
10,16030,15960.0
10,16040,15970.0
10,16050,15980.0
10,16060,15990.0
10,16070,16000.0
10,16080,16010.0
10,16090,16020.0
10,16100,16030.0
10,16110,16040.0
10,16120,16050.0
10,16130,16060.0
10,16140,16070.0
10,16150,16080.0
10,16160,16090.0
10,16170,16100.0
10,16180,16110.0
10,16190,16120.0
10,16200,16130.0
10,16210,16140.0
10,16220,16150.0
10,16230,16160.0
10,16240,16170.0
10,16250,16180.0
10,16260,16190.0
10,16270,16200.0
10,16280,16210.0
10,16290,16220.0
10,16300,16230.0
10,16310,16240.0
10,16320,16250.0
10,16330,16260.0
10,16340,16270.0
10,16350,16280.0
10,16360,16290.0
10,16370,16300.0
10,16380,16310.0
10,16390,16320.0
10,16400,16330.0
10,16410,16340.0
10,16420,16350.0
10,16430,16360.0
10,16440,16370.0
10,16450,16380.0
10,16460,16390.0
10,16470,16400.0
10,16480,16410.0
10,16490,16420.0
10,16500,16430.0
10,16510,16440.0
10,16520,16450.0
10,16530,16460.0
10,16540,16470.0
10,16550,16480.0
10,16560,16490.0
10,16570,16500.0
10,16580,16510.0
10,16590,16520.0
10,16600,16530.0
10,16610,16540.0
10,16620,16550.0
10,16630,16560.0
10,16640,16570.0
10,16650,16580.0
10,16660,16590.0
10,16670,16600.0
10,16680,16610.0
10,16690,16620.0
10,16700,16630.0
10,16710,16640.0
10,16720,16650.0
10,16730,16660.0
10,16740,16670.0
10,16750,16680.0
10,16760,16690.0
10,16770,16700.0
10,16780,16710.0
10,16790,16720.0
10,16800,16730.0
10,16810,16740.0
10,16820,16750.0
10,16830,16760.0
10,16840,16770.0
10,16850,16780.0
10,16860,16790.0
10,16870,16800.0
10,16880,16810.0
10,16890,16820.0
10,16900,16830.0
10,16910,16840.0
10,16920,16850.0
10,16930,16860.0
10,16940,16870.0
10,16950,16880.0
10,16960,16890.0
10,16970,16900.0
10,16980,16910.0
10,16990,16920.0
10,17000,16930.0
10,17010,16940.0
10,17020,16950.0
10,17030,16960.0
10,17040,16970.0
10,17050,16980.0
10,17060,16990.0
10,17070,17000.0
10,17080,17010.0
10,17090,17020.0
10,17100,17030.0
10,17110,17040.0
10,17120,17050.0
10,17130,17060.0
10,17140,17070.0
10,17150,17080.0
10,17160,17090.0
10,17170,17100.0
10,17180,17110.0
10,17190,17120.0
10,17200,17130.0
10,17210,17140.0
10,17220,17150.0
10,17230,17160.0
10,17240,17170.0
10,17250,17180.0
10,17260,17190.0
10,17270,17200.0
10,17280,17210.0
10,17290,17220.0
10,17300,17230.0
10,17310,17240.0
10,17320,17250.0
10,17330,17260.0
10,17340,17270.0
10,17350,17280.0
10,17360,17290.0
10,17370,17300.0
10,17380,17310.0
10,17390,17320.0
10,17400,17330.0
10,17410,17340.0
10,17420,17350.0
10,17430,17360.0
10,17440,17370.0
10,17450,17380.0
10,17460,17390.0
10,17470,17400.0
10,17480,17410.0
10,17490,17420.0
10,17500,17430.0
10,17510,17440.0
10,17520,17450.0
10,17530,17460.0
10,17540,17470.0
10,17550,17480.0
10,17560,17490.0
10,17570,17500.0
10,17580,17510.0
10,17590,17520.0
10,17600,17530.0
10,17610,17540.0
10,17620,17550.0
10,17630,17560.0
10,17640,17570.0
10,17650,17580.0
10,17660,17590.0
10,17670,17600.0
10,17680,17610.0
10,17690,17620.0
10,17700,17630.0
10,17710,17640.0
10,17720,17650.0
10,17730,17660.0
10,17740,17670.0
10,17750,17680.0
10,17760,17690.0
10,17770,17700.0
10,17780,17710.0
10,17790,17720.0
10,17800,17730.0
10,17810,17740.0
10,17820,17750.0
10,17830,17760.0
10,17840,17770.0
10,17850,17780.0
10,17860,17790.0
10,17870,17800.0
10,17880,17810.0
10,17890,17820.0
10,17900,17830.0
10,17910,17840.0
10,17920,17850.0
10,17930,17860.0
10,17940,17870.0
10,17950,17880.0
10,17960,17890.0
10,17970,17900.0
10,17980,17910.0
10,17990,17920.0
10,18000,17930.0
10,18010,17940.0
10,18020,17950.0
10,18030,17960.0
10,18040,17970.0
10,18050,17980.0
10,18060,17990.0
10,18070,18000.0
10,18080,18010.0
10,18090,18020.0
10,18100,18030.0
10,18110,18040.0
10,18120,18050.0
10,18130,18060.0
10,18140,18070.0
10,18150,18080.0
10,18160,18090.0
10,18170,18100.0
10,18180,18110.0
10,18190,18120.0
10,18200,18130.0
10,18210,18140.0
10,18220,18150.0
10,18230,18160.0
10,18240,18170.0
10,18250,18180.0
10,18260,18190.0
10,18270,18200.0
10,18280,18210.0
10,18290,18220.0
10,18300,18230.0
10,18310,18240.0
10,18320,18250.0
10,18330,18260.0
10,18340,18270.0
10,18350,18280.0
10,18360,18290.0
10,18370,18300.0
10,18380,18310.0
10,18390,18320.0
10,18400,18330.0
10,18410,18340.0
10,18420,18350.0
10,18430,18360.0
10,18440,18370.0
10,18450,18380.0
10,18460,18390.0
10,18470,18400.0
10,18480,18410.0
10,18490,18420.0
10,18500,18430.0
10,18510,18440.0
10,18520,18450.0
10,18530,18460.0
10,18540,18470.0
10,18550,18480.0
10,18560,18490.0
10,18570,18500.0
10,18580,18510.0
10,18590,18520.0
10,18600,18530.0
10,18610,18540.0
10,18620,18550.0
10,18630,18560.0
10,18640,18570.0
10,18650,18580.0
10,18660,18590.0
10,18670,18600.0
10,18680,18610.0
10,18690,18620.0
10,18700,18630.0
10,18710,18640.0
10,18720,18650.0
10,18730,18660.0
10,18740,18670.0
10,18750,18680.0
10,18760,18690.0
10,18770,18700.0
10,18780,18710.0
10,18790,18720.0
10,18800,18730.0
10,18810,18740.0
10,18820,18750.0
10,18830,18760.0
10,18840,18770.0
10,18850,18780.0
10,18860,18790.0
10,18870,18800.0
10,18880,18810.0
10,18890,18820.0
10,18900,18830.0
10,18910,18840.0
10,18920,18850.0
10,18930,18860.0
10,18940,18870.0
10,18950,18880.0
10,18960,18890.0
10,18970,18900.0
10,18980,18910.0
10,18990,18920.0
10,19000,18930.0
10,19010,18940.0
10,19020,18950.0
10,19030,18960.0
10,19040,18970.0
10,19050,18980.0
10,19060,18990.0
10,19070,19000.0
10,19080,19010.0
10,19090,19020.0
10,19100,19030.0
10,19110,19040.0
10,19120,19050.0
10,19130,19060.0
10,19140,19070.0
10,19150,19080.0
10,19160,19090.0
10,19170,19100.0
10,19180,19110.0
10,19190,19120.0
10,19200,19130.0
10,19210,19140.0
10,19220,19150.0
10,19230,19160.0
10,19240,19170.0
10,19250,19180.0
10,19260,19190.0
10,19270,19200.0
10,19280,19210.0
10,19290,19220.0
10,19300,19230.0
10,19310,19240.0
10,19320,19250.0
10,19330,19260.0
10,19340,19270.0
10,19350,19280.0
10,19360,19290.0
10,19370,19300.0
10,19380,19310.0
10,19390,19320.0
10,19400,19330.0
10,19410,19340.0
10,19420,19350.0
10,19430,19360.0
10,19440,19370.0
10,19450,19380.0
10,19460,19390.0
10,19470,19400.0
10,19480,19410.0
10,19490,19420.0
10,19500,19430.0
10,19510,19440.0
10,19520,19450.0
10,19530,19460.0
10,19540,19470.0
10,19550,19480.0
10,19560,19490.0
10,19570,19500.0
10,19580,19510.0
10,19590,19520.0
10,19600,19530.0
10,19610,19540.0
10,19620,19550.0
10,19630,19560.0
10,19640,19570.0
10,19650,19580.0
10,19660,19590.0
10,19670,19600.0
10,19680,19610.0
10,19690,19620.0
10,19700,19630.0
10,19710,19640.0
10,19720,19650.0
10,19730,19660.0
10,19740,19670.0
10,19750,19680.0
10,19760,19690.0
10,19770,19700.0
10,19780,19710.0
10,19790,19720.0
10,19800,19730.0
10,19810,19740.0
10,19820,19750.0
10,19830,19760.0
10,19840,19770.0
10,19850,19780.0
10,19860,19790.0
10,19870,19800.0
10,19880,19810.0
10,19890,19820.0
10,19900,19830.0
10,19910,19840.0
10,19920,19850.0
10,19930,19860.0
10,19940,19870.0
10,19950,19880.0
10,19960,19890.0
10,19970,19900.0
10,19980,19910.0
10,19990,19920.0
10,20000,19930.0
10,20010,19940.0
10,20020,19950.0
10,20030,19960.0
10,20040,19970.0
10,20050,19980.0
10,20060,19990.0
10,20070,20000.0
10,20080,20010.0
10,20090,20020.0
10,20100,20030.0
10,20110,20040.0
10,20120,20050.0
10,20130,20060.0
10,20140,20070.0
10,20150,20080.0
10,20160,20090.0
10,20170,20100.0
10,20180,20110.0
10,20190,20120.0
10,20200,20130.0
10,20210,20140.0
10,20220,20150.0
10,20230,20160.0
10,20240,20170.0
10,20250,20180.0
10,20260,20190.0
10,20270,20200.0
10,20280,20210.0
10,20290,20220.0
10,20300,20230.0
10,20310,20240.0
10,20320,20250.0
10,20330,20260.0
10,20340,20270.0
10,20350,20280.0
10,20360,20290.0
10,20370,20300.0
10,20380,20310.0
10,20390,20320.0
10,20400,20330.0
10,20410,20340.0
10,20420,20350.0
10,20430,20360.0
10,20440,20370.0
10,20450,20380.0
10,20460,20390.0
10,20470,20400.0
10,20480,20410.0
10,20490,20420.0
10,20500,20430.0
10,20510,20440.0
10,20520,20450.0
10,20530,20460.0
10,20540,20470.0
10,20550,20480.0
10,20560,20490.0
10,20570,20500.0
10,20580,20510.0
10,20590,20520.0
10,20600,20530.0
10,20610,20540.0
10,20620,20550.0
10,20630,20560.0
10,20640,20570.0
10,20650,20580.0
10,20660,20590.0
10,20670,20600.0
10,20680,20610.0
10,20690,20620.0
10,20700,20630.0
10,20710,20640.0
10,20720,20650.0
10,20730,20660.0
10,20740,20670.0
10,20750,20680.0
10,20760,20690.0
10,20770,20700.0
10,20780,20710.0
10,20790,20720.0
10,20800,20730.0
10,20810,20740.0
10,20820,20750.0
10,20830,20760.0
10,20840,20770.0
10,20850,20780.0
10,20860,20790.0
10,20870,20800.0
10,20880,20810.0
10,20890,20820.0
10,20900,20830.0
10,20910,20840.0
10,20920,20850.0
10,20930,20860.0
10,20940,20870.0
10,20950,20880.0
10,20960,20890.0
10,20970,20900.0
10,20980,20910.0
10,20990,20920.0
10,21000,20930.0
10,21010,20940.0
10,21020,20950.0
10,21030,20960.0
10,21040,20970.0
10,21050,20980.0
10,21060,20990.0
10,21070,21000.0
10,21080,21010.0
10,21090,21020.0
10,21100,21030.0
10,21110,21040.0
10,21120,21050.0
10,21130,21060.0
10,21140,21070.0
10,21150,21080.0
10,21160,21090.0
10,21170,21100.0
10,21180,21110.0
10,21190,21120.0
10,21200,21130.0
10,21210,21140.0
10,21220,21150.0
10,21230,21160.0
10,21240,21170.0
10,21250,21180.0
10,21260,21190.0
10,21270,21200.0
10,21280,21210.0
10,21290,21220.0
10,21300,21230.0
10,21310,21240.0
10,21320,21250.0
10,21330,21260.0
10,21340,21270.0
10,21350,21280.0
10,21360,21290.0
10,21370,21300.0
10,21380,21310.0
10,21390,21320.0
10,21400,21330.0
10,21410,21340.0
10,21420,21350.0
10,21430,21360.0
10,21440,21370.0
10,21450,21380.0
10,21460,21390.0
10,21470,21400.0
10,21480,21410.0
10,21490,21420.0
10,21500,21430.0
10,21510,21440.0
10,21520,21450.0
10,21530,21460.0
10,21540,21470.0
10,21550,21480.0
10,21560,21490.0
10,21570,21500.0
10,21580,21510.0
10,21590,21520.0
10,21600,21530.0
10,21610,21540.0
10,21620,21550.0
10,21630,21560.0
10,21640,21570.0
10,21650,21580.0
10,21660,21590.0
10,21670,21600.0
10,21680,21610.0
10,21690,21620.0
10,21700,21630.0
10,21710,21640.0
10,21720,21650.0
10,21730,21660.0
10,21740,21670.0
10,21750,21680.0
10,21760,21690.0
10,21770,21700.0
10,21780,21710.0
10,21790,21720.0
10,21800,21730.0
10,21810,21740.0
10,21820,21750.0
10,21830,21760.0
10,21840,21770.0
10,21850,21780.0
10,21860,21790.0
10,21870,21800.0
10,21880,21810.0
10,21890,21820.0
10,21900,21830.0
10,21910,21840.0
10,21920,21850.0
10,21930,21860.0
10,21940,21870.0
10,21950,21880.0
10,21960,21890.0
10,21970,21900.0
10,21980,21910.0
10,21990,21920.0
10,22000,21930.0
10,22010,21940.0
10,22020,21950.0
10,22030,21960.0
10,22040,21970.0
10,22050,21980.0
10,22060,21990.0
10,22070,22000.0
10,22080,22010.0
10,22090,22020.0
10,22100,22030.0
10,22110,22040.0
10,22120,22050.0
10,22130,22060.0
10,22140,22070.0
10,22150,22080.0
10,22160,22090.0
10,22170,22100.0
10,22180,22110.0
10,22190,22120.0
10,22200,22130.0
10,22210,22140.0
10,22220,22150.0
10,22230,22160.0
10,22240,22170.0
10,22250,22180.0
10,22260,22190.0
10,22270,22200.0
10,22280,22210.0
10,22290,22220.0
10,22300,22230.0
10,22310,22240.0
10,22320,22250.0
10,22330,22260.0
10,22340,22270.0
10,22350,22280.0
10,22360,22290.0
10,22370,22300.0
10,22380,22310.0
10,22390,22320.0
10,22400,22330.0
10,22410,22340.0
10,22420,22350.0
10,22430,22360.0
10,22440,22370.0
10,22450,22380.0
10,22460,22390.0
10,22470,22400.0
10,22480,22410.0
10,22490,22420.0
10,22500,22430.0
10,22510,22440.0
10,22520,22450.0
10,22530,22460.0
10,22540,22470.0
10,22550,22480.0
10,22560,22490.0
10,22570,22500.0
10,22580,22510.0
10,22590,22520.0
10,22600,22530.0
10,22610,22540.0
10,22620,22550.0
10,22630,22560.0
10,22640,22570.0
10,22650,22580.0
10,22660,22590.0
10,22670,22600.0
10,22680,22610.0
10,22690,22620.0
10,22700,22630.0
10,22710,22640.0
10,22720,22650.0
10,22730,22660.0
10,22740,22670.0
10,22750,22680.0
10,22760,22690.0
10,22770,22700.0
10,22780,22710.0
10,22790,22720.0
10,22800,22730.0
10,22810,22740.0
10,22820,22750.0
10,22830,22760.0
10,22840,22770.0
10,22850,22780.0
10,22860,22790.0
10,22870,22800.0
10,22880,22810.0
10,22890,22820.0
10,22900,22830.0
10,22910,22840.0
10,22920,22850.0
10,22930,22860.0
10,22940,22870.0
10,22950,22880.0
10,22960,22890.0
10,22970,22900.0
10,22980,22910.0
10,22990,22920.0
10,23000,22930.0
10,23010,22940.0
10,23020,22950.0
10,23030,22960.0
10,23040,22970.0
10,23050,22980.0
10,23060,22990.0
10,23070,23000.0
10,23080,23010.0
10,23090,23020.0
10,23100,23030.0
10,23110,23040.0
10,23120,23050.0
10,23130,23060.0
10,23140,23070.0
10,23150,23080.0
10,23160,23090.0
10,23170,23100.0
10,23180,23110.0
10,23190,23120.0
10,23200,23130.0
10,23210,23140.0
10,23220,23150.0
10,23230,23160.0
10,23240,23170.0
10,23250,23180.0
10,23260,23190.0
10,23270,23200.0
10,23280,23210.0
10,23290,23220.0
10,23300,23230.0
10,23310,23240.0
10,23320,23250.0
10,23330,23260.0
10,23340,23270.0
10,23350,23280.0
10,23360,23290.0
10,23370,23300.0
10,23380,23310.0
10,23390,23320.0
10,23400,23330.0
10,23410,23340.0
10,23420,23350.0
10,23430,23360.0
10,23440,23370.0
10,23450,23380.0
10,23460,23390.0
10,23470,23400.0
10,23480,23410.0
10,23490,23420.0
10,23500,23430.0
10,23510,23440.0
10,23520,23450.0
10,23530,23460.0
10,23540,23470.0
10,23550,23480.0
10,23560,23490.0
10,23570,23500.0
10,23580,23510.0
10,23590,23520.0
10,23600,23530.0
10,23610,23540.0
10,23620,23550.0
10,23630,23560.0
10,23640,23570.0
10,23650,23580.0
10,23660,23590.0
10,23670,23600.0
10,23680,23610.0
10,23690,23620.0
10,23700,23630.0
10,23710,23640.0
10,23720,23650.0
10,23730,23660.0
10,23740,23670.0
10,23750,23680.0
10,23760,23690.0
10,23770,23700.0
10,23780,23710.0
10,23790,23720.0
10,23800,23730.0
10,23810,23740.0
10,23820,23750.0
10,23830,23760.0
10,23840,23770.0
10,23850,23780.0
10,23860,23790.0
10,23870,23800.0
10,23880,23810.0
10,23890,23820.0
10,23900,23830.0
10,23910,23840.0
10,23920,23850.0
10,23930,23860.0
10,23940,23870.0
10,23950,23880.0
10,23960,23890.0
10,23970,23900.0
10,23980,23910.0
10,23990,23920.0
10,24000,23930.0
10,24010,23940.0
10,24020,23950.0
10,24030,23960.0
10,24040,23970.0
10,24050,23980.0
10,24060,23990.0
10,24070,24000.0
10,24080,24010.0
10,24090,24020.0
10,24100,24030.0
10,24110,24040.0
10,24120,24050.0
10,24130,24060.0
10,24140,24070.0
10,24150,24080.0
10,24160,24090.0
10,24170,24100.0
10,24180,24110.0
10,24190,24120.0
10,24200,24130.0
10,24210,24140.0
10,24220,24150.0
10,24230,24160.0
10,24240,24170.0
10,24250,24180.0
10,24260,24190.0
10,24270,24200.0
10,24280,24210.0
10,24290,24220.0
10,24300,24230.0
10,24310,24240.0
10,24320,24250.0
10,24330,24260.0
10,24340,24270.0
10,24350,24280.0
10,24360,24290.0
10,24370,24300.0
10,24380,24310.0
10,24390,24320.0
10,24400,24330.0
10,24410,24340.0
10,24420,24350.0
10,24430,24360.0
10,24440,24370.0
10,24450,24380.0
10,24460,24390.0
10,24470,24400.0
10,24480,24410.0
10,24490,24420.0
10,24500,24430.0
10,24510,24440.0
10,24520,24450.0
10,24530,24460.0
10,24540,24470.0
10,24550,24480.0
10,24560,24490.0
10,24570,24500.0
10,24580,24510.0
10,24590,24520.0
10,24600,24530.0
10,24610,24540.0
10,24620,24550.0
10,24630,24560.0
10,24640,24570.0
10,24650,24580.0
10,24660,24590.0
10,24670,24600.0
10,24680,24610.0
10,24690,24620.0
10,24700,24630.0
10,24710,24640.0
10,24720,24650.0
10,24730,24660.0
10,24740,24670.0
10,24750,24680.0
10,24760,24690.0
10,24770,24700.0
10,24780,24710.0
10,24790,24720.0
10,24800,24730.0
10,24810,24740.0
10,24820,24750.0
10,24830,24760.0
10,24840,24770.0
10,24850,24780.0
10,24860,24790.0
10,24870,24800.0
10,24880,24810.0
10,24890,24820.0
10,24900,24830.0
10,24910,24840.0
10,24920,24850.0
10,24930,24860.0
10,24940,24870.0
10,24950,24880.0
10,24960,24890.0
10,24970,24900.0
10,24980,24910.0
10,24990,24920.0
10,25000,24930.0
10,25010,24940.0
10,25020,24950.0
10,25030,24960.0
10,25040,24970.0
10,25050,24980.0
10,25060,24990.0
10,25070,25000.0
10,25080,25010.0
10,25090,25020.0
10,25100,25030.0
10,25110,25040.0
10,25120,25050.0
10,25130,25060.0
10,25140,25070.0
10,25150,25080.0
10,25160,25090.0
10,25170,25100.0
10,25180,25110.0
10,25190,25120.0
10,25200,25130.0
10,25210,25140.0
10,25220,25150.0
10,25230,25160.0
10,25240,25170.0
10,25250,25180.0
10,25260,25190.0
10,25270,25200.0
10,25280,25210.0
10,25290,25220.0
10,25300,25230.0
10,25310,25240.0
10,25320,25250.0
10,25330,25260.0
10,25340,25270.0
10,25350,25280.0
10,25360,25290.0
10,25370,25300.0
10,25380,25310.0
10,25390,25320.0
10,25400,25330.0
10,25410,25340.0
10,25420,25350.0
10,25430,25360.0
10,25440,25370.0
10,25450,25380.0
10,25460,25390.0
10,25470,25400.0
10,25480,25410.0
10,25490,25420.0
10,25500,25430.0
10,25510,25440.0
10,25520,25450.0
10,25530,25460.0
10,25540,25470.0
10,25550,25480.0
10,25560,25490.0
10,25570,25500.0
10,25580,25510.0
10,25590,25520.0
10,25600,25530.0
10,25610,25540.0
10,25620,25550.0
10,25630,25560.0
10,25640,25570.0
10,25650,25580.0
10,25660,25590.0
10,25670,25600.0
10,25680,25610.0
10,25690,25620.0
10,25700,25630.0
10,25710,25640.0
10,25720,25650.0
10,25730,25660.0
10,25740,25670.0
10,25750,25680.0
10,25760,25690.0
10,25770,25700.0
10,25780,25710.0
10,25790,25720.0
10,25800,25730.0
10,25810,25740.0
10,25820,25750.0
10,25830,25760.0
10,25840,25770.0
10,25850,25780.0
10,25860,25790.0
10,25870,25800.0
10,25880,25810.0
10,25890,25820.0
10,25900,25830.0
10,25910,25840.0
10,25920,25850.0
10,25930,25860.0
10,25940,25870.0
10,25950,25880.0
10,25960,25890.0
10,25970,25900.0
10,25980,25910.0
10,25990,25920.0
10,26000,25930.0
10,26010,25940.0
10,26020,25950.0
10,26030,25960.0
10,26040,25970.0
10,26050,25980.0
10,26060,25990.0
10,26070,26000.0
10,26080,26010.0
10,26090,26020.0
10,26100,26030.0
10,26110,26040.0
10,26120,26050.0
10,26130,26060.0
10,26140,26070.0
10,26150,26080.0
10,26160,26090.0
10,26170,26100.0
10,26180,26110.0
10,26190,26120.0
10,26200,26130.0
10,26210,26140.0
10,26220,26150.0
10,26230,26160.0
10,26240,26170.0
10,26250,26180.0
10,26260,26190.0
10,26270,26200.0
10,26280,26210.0
10,26290,26220.0
10,26300,26230.0
10,26310,26240.0
10,26320,26250.0
10,26330,26260.0
10,26340,26270.0
10,26350,26280.0
10,26360,26290.0
10,26370,26300.0
10,26380,26310.0
10,26390,26320.0
10,26400,26330.0
10,26410,26340.0
10,26420,26350.0
10,26430,26360.0
10,26440,26370.0
10,26450,26380.0
10,26460,26390.0
10,26470,26400.0
10,26480,26410.0
10,26490,26420.0
10,26500,26430.0
10,26510,26440.0
10,26520,26450.0
10,26530,26460.0
10,26540,26470.0
10,26550,26480.0
10,26560,26490.0
10,26570,26500.0
10,26580,26510.0
10,26590,26520.0
10,26600,26530.0
10,26610,26540.0
10,26620,26550.0
10,26630,26560.0
10,26640,26570.0
10,26650,26580.0
10,26660,26590.0
10,26670,26600.0
10,26680,26610.0
10,26690,26620.0
10,26700,26630.0
10,26710,26640.0
10,26720,26650.0
10,26730,26660.0
10,26740,26670.0
10,26750,26680.0
10,26760,26690.0
10,26770,26700.0
10,26780,26710.0
10,26790,26720.0
10,26800,26730.0
10,26810,26740.0
10,26820,26750.0
10,26830,26760.0
10,26840,26770.0
10,26850,26780.0
10,26860,26790.0
10,26870,26800.0
10,26880,26810.0
10,26890,26820.0
10,26900,26830.0
10,26910,26840.0
10,26920,26850.0
10,26930,26860.0
10,26940,26870.0
10,26950,26880.0
10,26960,26890.0
10,26970,26900.0
10,26980,26910.0
10,26990,26920.0
10,27000,26930.0
10,27010,26940.0
10,27020,26950.0
10,27030,26960.0
10,27040,26970.0
10,27050,26980.0
10,27060,26990.0
10,27070,27000.0
10,27080,27010.0
10,27090,27020.0
10,27100,27030.0
10,27110,27040.0
10,27120,27050.0
10,27130,27060.0
10,27140,27070.0
10,27150,27080.0
10,27160,27090.0
10,27170,27100.0
10,27180,27110.0
10,27190,27120.0
10,27200,27130.0
10,27210,27140.0
10,27220,27150.0
10,27230,27160.0
10,27240,27170.0
10,27250,27180.0
10,27260,27190.0
10,27270,27200.0
10,27280,27210.0
10,27290,27220.0
10,27300,27230.0
10,27310,27240.0
10,27320,27250.0
10,27330,27260.0
10,27340,27270.0
10,27350,27280.0
10,27360,27290.0
10,27370,27300.0
10,27380,27310.0
10,27390,27320.0
10,27400,27330.0
10,27410,27340.0
10,27420,27350.0
10,27430,27360.0
10,27440,27370.0
10,27450,27380.0
10,27460,27390.0
10,27470,27400.0
10,27480,27410.0
10,27490,27420.0
10,27500,27430.0
10,27510,27440.0
10,27520,27450.0
10,27530,27460.0
10,27540,27470.0
10,27550,27480.0
10,27560,27490.0
10,27570,27500.0
10,27580,27510.0
10,27590,27520.0
10,27600,27530.0
10,27610,27540.0
10,27620,27550.0
10,27630,27560.0
10,27640,27570.0
10,27650,27580.0
10,27660,27590.0
10,27670,27600.0
10,27680,27610.0
10,27690,27620.0
10,27700,27630.0
10,27710,27640.0
10,27720,27650.0
10,27730,27660.0
10,27740,27670.0
10,27750,27680.0
10,27760,27690.0
10,27770,27700.0
10,27780,27710.0
10,27790,27720.0
10,27800,27730.0
10,27810,27740.0
10,27820,27750.0
10,27830,27760.0
10,27840,27770.0
10,27850,27780.0
10,27860,27790.0
10,27870,27800.0
10,27880,27810.0
10,27890,27820.0
10,27900,27830.0
10,27910,27840.0
10,27920,27850.0
10,27930,27860.0
10,27940,27870.0
10,27950,27880.0
10,27960,27890.0
10,27970,27900.0
10,27980,27910.0
10,27990,27920.0
10,28000,27930.0
10,28010,27940.0
10,28020,27950.0
10,28030,27960.0
10,28040,27970.0
10,28050,27980.0
10,28060,27990.0
10,28070,28000.0
10,28080,28010.0
10,28090,28020.0
10,28100,28030.0
10,28110,28040.0
10,28120,28050.0
10,28130,28060.0
10,28140,28070.0
10,28150,28080.0
10,28160,28090.0
10,28170,28100.0
10,28180,28110.0
10,28190,28120.0
10,28200,28130.0
10,28210,28140.0
10,28220,28150.0
10,28230,28160.0
10,28240,28170.0
10,28250,28180.0
10,28260,28190.0
10,28270,28200.0
10,28280,28210.0
10,28290,28220.0
10,28300,28230.0
10,28310,28240.0
10,28320,28250.0
10,28330,28260.0
10,28340,28270.0
10,28350,28280.0
10,28360,28290.0
10,28370,28300.0
10,28380,28310.0
10,28390,28320.0
10,28400,28330.0
10,28410,28340.0
10,28420,28350.0
10,28430,28360.0
10,28440,28370.0
10,28450,28380.0
10,28460,28390.0
10,28470,28400.0
10,28480,28410.0
10,28490,28420.0
10,28500,28430.0
10,28510,28440.0
10,28520,28450.0
10,28530,28460.0
10,28540,28470.0
10,28550,28480.0
10,28560,28490.0
10,28570,28500.0
10,28580,28510.0
10,28590,28520.0
10,28600,28530.0
10,28610,28540.0
10,28620,28550.0
10,28630,28560.0
10,28640,28570.0
10,28650,28580.0
10,28660,28590.0
10,28670,28600.0
10,28680,28610.0
10,28690,28620.0
10,28700,28630.0
10,28710,28640.0
10,28720,28650.0
10,28730,28660.0
10,28740,28670.0
10,28750,28680.0
10,28760,28690.0
10,28770,28700.0
10,28780,28710.0
10,28790,28720.0
10,28800,28730.0
10,28810,28740.0
10,28820,28750.0
10,28830,28760.0
10,28840,28770.0
10,28850,28780.0
10,28860,28790.0
10,28870,28800.0
10,28880,28810.0
10,28890,28820.0
10,28900,28830.0
10,28910,28840.0
10,28920,28850.0
10,28930,28860.0
10,28940,28870.0
10,28950,28880.0
10,28960,28890.0
10,28970,28900.0
10,28980,28910.0
10,28990,28920.0
10,29000,28930.0
10,29010,28940.0
10,29020,28950.0
10,29030,28960.0
10,29040,28970.0
10,29050,28980.0
10,29060,28990.0
10,29070,29000.0
10,29080,29010.0
10,29090,29020.0
10,29100,29030.0
10,29110,29040.0
10,29120,29050.0
10,29130,29060.0
10,29140,29070.0
10,29150,29080.0
10,29160,29090.0
10,29170,29100.0
10,29180,29110.0
10,29190,29120.0
10,29200,29130.0
10,29210,29140.0
10,29220,29150.0
10,29230,29160.0
10,29240,29170.0
10,29250,29180.0
10,29260,29190.0
10,29270,29200.0
10,29280,29210.0
10,29290,29220.0
10,29300,29230.0
10,29310,29240.0
10,29320,29250.0
10,29330,29260.0
10,29340,29270.0
10,29350,29280.0
10,29360,29290.0
10,29370,29300.0
10,29380,29310.0
10,29390,29320.0
10,29400,29330.0
10,29410,29340.0
10,29420,29350.0
10,29430,29360.0
10,29440,29370.0
10,29450,29380.0
10,29460,29390.0
10,29470,29400.0
10,29480,29410.0
10,29490,29420.0
10,29500,29430.0
10,29510,29440.0
10,29520,29450.0
10,29530,29460.0
10,29540,29470.0
10,29550,29480.0
10,29560,29490.0
10,29570,29500.0
10,29580,29510.0
10,29590,29520.0
10,29600,29530.0
10,29610,29540.0
10,29620,29550.0
10,29630,29560.0
10,29640,29570.0
10,29650,29580.0
10,29660,29590.0
10,29670,29600.0
10,29680,29610.0
10,29690,29620.0
10,29700,29630.0
10,29710,29640.0
10,29720,29650.0
10,29730,29660.0
10,29740,29670.0
10,29750,29680.0
10,29760,29690.0
10,29770,29700.0
10,29780,29710.0
10,29790,29720.0
10,29800,29730.0
10,29810,29740.0
10,29820,29750.0
10,29830,29760.0
10,29840,29770.0
10,29850,29780.0
10,29860,29790.0
10,29870,29800.0
10,29880,29810.0
10,29890,29820.0
10,29900,29830.0
10,29910,29840.0
10,29920,29850.0
10,29930,29860.0
10,29940,29870.0
10,29950,29880.0
10,29960,29890.0
10,29970,29900.0
10,29980,29910.0
10,29990,29920.0
10,30000,29930.0
10,30010,29940.0
10,30020,29950.0
10,30030,29960.0
10,30040,29970.0
10,30050,29980.0
10,30060,29990.0
10,30070,30000.0
10,30080,30010.0
10,30090,30020.0
10,30100,30030.0
10,30110,30040.0
10,30120,30050.0
10,30130,30060.0
10,30140,30070.0
10,30150,30080.0
10,30160,30090.0
10,30170,30100.0
10,30180,30110.0
10,30190,30120.0
10,30200,30130.0
10,30210,30140.0
10,30220,30150.0
10,30230,30160.0
10,30240,30170.0
10,30250,30180.0
10,30260,30190.0
10,30270,30200.0
10,30280,30210.0
10,30290,30220.0
10,30300,30230.0
10,30310,30240.0
10,30320,30250.0
10,30330,30260.0
10,30340,30270.0
10,30350,30280.0
10,30360,30290.0
10,30370,30300.0
10,30380,30310.0
10,30390,30320.0
10,30400,30330.0
10,30410,30340.0
10,30420,30350.0
10,30430,30360.0
10,30440,30370.0
10,30450,30380.0
10,30460,30390.0
10,30470,30400.0
10,30480,30410.0
10,30490,30420.0
10,30500,30430.0
10,30510,30440.0
10,30520,30450.0
10,30530,30460.0
10,30540,30470.0
10,30550,30480.0
10,30560,30490.0
10,30570,30500.0
10,30580,30510.0
10,30590,30520.0
10,30600,30530.0
10,30610,30540.0
10,30620,30550.0
10,30630,30560.0
10,30640,30570.0
10,30650,30580.0
10,30660,30590.0
10,30670,30600.0
10,30680,30610.0
10,30690,30620.0
10,30700,30630.0
10,30710,30640.0
10,30720,30650.0
10,30730,30660.0
10,30740,30670.0
10,30750,30680.0
10,30760,30690.0
10,30770,30700.0
10,30780,30710.0
10,30790,30720.0
10,30800,30730.0
10,30810,30740.0
10,30820,30750.0
10,30830,30760.0
10,30840,30770.0
10,30850,30780.0
10,30860,30790.0
10,30870,30800.0
10,30880,30810.0
10,30890,30820.0
10,30900,30830.0
10,30910,30840.0
10,30920,30850.0
10,30930,30860.0
10,30940,30870.0
10,30950,30880.0
10,30960,30890.0
10,30970,30900.0
10,30980,30910.0
10,30990,30920.0
10,31000,30930.0
10,31010,30940.0
10,31020,30950.0
10,31030,30960.0
10,31040,30970.0
10,31050,30980.0
10,31060,30990.0
10,31070,31000.0
10,31080,31010.0
10,31090,31020.0
10,31100,31030.0
10,31110,31040.0
10,31120,31050.0
10,31130,31060.0
10,31140,31070.0
10,31150,31080.0
10,31160,31090.0
10,31170,31100.0
10,31180,31110.0
10,31190,31120.0
10,31200,31130.0
10,31210,31140.0
10,31220,31150.0
10,31230,31160.0
10,31240,31170.0
10,31250,31180.0
10,31260,31190.0
10,31270,31200.0
10,31280,31210.0
10,31290,31220.0
10,31300,31230.0
10,31310,31240.0
10,31320,31250.0
10,31330,31260.0
10,31340,31270.0
10,31350,31280.0
10,31360,31290.0
10,31370,31300.0
10,31380,31310.0
10,31390,31320.0
10,31400,31330.0
10,31410,31340.0
10,31420,31350.0
10,31430,31360.0
10,31440,31370.0
10,31450,31380.0
10,31460,31390.0
10,31470,31400.0
10,31480,31410.0
10,31490,31420.0
10,31500,31430.0
10,31510,31440.0
10,31520,31450.0
10,31530,31460.0
10,31540,31470.0
10,31550,31480.0
10,31560,31490.0
10,31570,31500.0
10,31580,31510.0
10,31590,31520.0
10,31600,31530.0
10,31610,31540.0
10,31620,31550.0
10,31630,31560.0
10,31640,31570.0
10,31650,31580.0
10,31660,31590.0
10,31670,31600.0
10,31680,31610.0
10,31690,31620.0
10,31700,31630.0
10,31710,31640.0
10,31720,31650.0
10,31730,31660.0
10,31740,31670.0
10,31750,31680.0
10,31760,31690.0
10,31770,31700.0
10,31780,31710.0
10,31790,31720.0
10,31800,31730.0
10,31810,31740.0
10,31820,31750.0
10,31830,31760.0
10,31840,31770.0
10,31850,31780.0
10,31860,31790.0
10,31870,31800.0
10,31880,31810.0
10,31890,31820.0
10,31900,31830.0
10,31910,31840.0
10,31920,31850.0
10,31930,31860.0
10,31940,31870.0
10,31950,31880.0
10,31960,31890.0
10,31970,31900.0
10,31980,31910.0
10,31990,31920.0
10,32000,31930.0
10,32010,31940.0
10,32020,31950.0
10,32030,31960.0
10,32040,31970.0
10,32050,31980.0
10,32060,31990.0
10,32070,32000.0
10,32080,32010.0
10,32090,32020.0
10,32100,32030.0
10,32110,32040.0
10,32120,32050.0
10,32130,32060.0
10,32140,32070.0
10,32150,32080.0
10,32160,32090.0
10,32170,32100.0
10,32180,32110.0
10,32190,32120.0
10,32200,32130.0
10,32210,32140.0
10,32220,32150.0
10,32230,32160.0
10,32240,32170.0
10,32250,32180.0
10,32260,32190.0
10,32270,32200.0
10,32280,32210.0
10,32290,32220.0
10,32300,32230.0
10,32310,32240.0
10,32320,32250.0
10,32330,32260.0
10,32340,32270.0
10,32350,32280.0
10,32360,32290.0
10,32370,32300.0
10,32380,32310.0
10,32390,32320.0
10,32400,32330.0
10,32410,32340.0
10,32420,32350.0
10,32430,32360.0
10,32440,32370.0
10,32450,32380.0
10,32460,32390.0
10,32470,32400.0
10,32480,32410.0
10,32490,32420.0
10,32500,32430.0
10,32510,32440.0
10,32520,32450.0
10,32530,32460.0
10,32540,32470.0
10,32550,32480.0
10,32560,32490.0
10,32570,32500.0
10,32580,32510.0
10,32590,32520.0
10,32600,32530.0
10,32610,32540.0
10,32620,32550.0
10,32630,32560.0
10,32640,32570.0
10,32650,32580.0
10,32660,32590.0
10,32670,32600.0
10,32680,32610.0
10,32690,32620.0
10,32700,32630.0
10,32710,32640.0
10,32720,32650.0
10,32730,32660.0
10,32740,32670.0
10,32750,32680.0
10,32760,32690.0
10,32770,32700.0
10,32780,32710.0
10,32790,32720.0
10,32800,32730.0
10,32810,32740.0
10,32820,32750.0
10,32830,32760.0
10,32840,32770.0
10,32850,32780.0
10,32860,32790.0
10,32870,32800.0
10,32880,32810.0
10,32890,32820.0
10,32900,32830.0
10,32910,32840.0
10,32920,32850.0
10,32930,32860.0
10,32940,32870.0
10,32950,32880.0
10,32960,32890.0
10,32970,32900.0
10,32980,32910.0
10,32990,32920.0
10,33000,32930.0
10,33010,32940.0
10,33020,32950.0
10,33030,32960.0
10,33040,32970.0
10,33050,32980.0
10,33060,32990.0
10,33070,33000.0
10,33080,33010.0
10,33090,33020.0
10,33100,33030.0
10,33110,33040.0
10,33120,33050.0
10,33130,33060.0
10,33140,33070.0
10,33150,33080.0
10,33160,33090.0
10,33170,33100.0
10,33180,33110.0
10,33190,33120.0
10,33200,33130.0
10,33210,33140.0
10,33220,33150.0
10,33230,33160.0
10,33240,33170.0
10,33250,33180.0
10,33260,33190.0
10,33270,33200.0
10,33280,33210.0
10,33290,33220.0
10,33300,33230.0
10,33310,33240.0
10,33320,33250.0
10,33330,33260.0
10,33340,33270.0
10,33350,33280.0
10,33360,33290.0
10,33370,33300.0
10,33380,33310.0
10,33390,33320.0
10,33400,33330.0
10,33410,33340.0
10,33420,33350.0
10,33430,33360.0
10,33440,33370.0
10,33450,33380.0
10,33460,33390.0
10,33470,33400.0
10,33480,33410.0
10,33490,33420.0
10,33500,33430.0
10,33510,33440.0
10,33520,33450.0
10,33530,33460.0
10,33540,33470.0
10,33550,33480.0
10,33560,33490.0
10,33570,33500.0
10,33580,33510.0
10,33590,33520.0
10,33600,33530.0
10,33610,33540.0
10,33620,33550.0
10,33630,33560.0
10,33640,33570.0
10,33650,33580.0
10,33660,33590.0
10,33670,33600.0
10,33680,33610.0
10,33690,33620.0
10,33700,33630.0
10,33710,33640.0
10,33720,33650.0
10,33730,33660.0
10,33740,33670.0
10,33750,33680.0
10,33760,33690.0
10,33770,33700.0
10,33780,33710.0
10,33790,33720.0
10,33800,33730.0
10,33810,33740.0
10,33820,33750.0
10,33830,33760.0
10,33840,33770.0
10,33850,33780.0
10,33860,33790.0
10,33870,33800.0
10,33880,33810.0
10,33890,33820.0
10,33900,33830.0
10,33910,33840.0
10,33920,33850.0
10,33930,33860.0
10,33940,33870.0
10,33950,33880.0
10,33960,33890.0
10,33970,33900.0
10,33980,33910.0
10,33990,33920.0
10,34000,33930.0
10,34010,33940.0
10,34020,33950.0
10,34030,33960.0
10,34040,33970.0
10,34050,33980.0
10,34060,33990.0
10,34070,34000.0
10,34080,34010.0
10,34090,34020.0
10,34100,34030.0
10,34110,34040.0
10,34120,34050.0
10,34130,34060.0
10,34140,34070.0
10,34150,34080.0
10,34160,34090.0
10,34170,34100.0
10,34180,34110.0
10,34190,34120.0
10,34200,34130.0
10,34210,34140.0
10,34220,34150.0
10,34230,34160.0
10,34240,34170.0
10,34250,34180.0
10,34260,34190.0
10,34270,34200.0
10,34280,34210.0
10,34290,34220.0
10,34300,34230.0
10,34310,34240.0
10,34320,34250.0
10,34330,34260.0
10,34340,34270.0
10,34350,34280.0
10,34360,34290.0
10,34370,34300.0
10,34380,34310.0
10,34390,34320.0
10,34400,34330.0
10,34410,34340.0
10,34420,34350.0
10,34430,34360.0
10,34440,34370.0
10,34450,34380.0
10,34460,34390.0
10,34470,34400.0
10,34480,34410.0
10,34490,34420.0
10,34500,34430.0
10,34510,34440.0
10,34520,34450.0
10,34530,34460.0
10,34540,34470.0
10,34550,34480.0
10,34560,34490.0
10,34570,34500.0
10,34580,34510.0
10,34590,34520.0
10,34600,34530.0
10,34610,34540.0
10,34620,34550.0
10,34630,34560.0
10,34640,34570.0
10,34650,34580.0
10,34660,34590.0
10,34670,34600.0
10,34680,34610.0
10,34690,34620.0
10,34700,34630.0
10,34710,34640.0
10,34720,34650.0
10,34730,34660.0
10,34740,34670.0
10,34750,34680.0
10,34760,34690.0
10,34770,34700.0
10,34780,34710.0
10,34790,34720.0
10,34800,34730.0
10,34810,34740.0
10,34820,34750.0
10,34830,34760.0
10,34840,34770.0
10,34850,34780.0
10,34860,34790.0
10,34870,34800.0
10,34880,34810.0
10,34890,34820.0
10,34900,34830.0
10,34910,34840.0
10,34920,34850.0
10,34930,34860.0
10,34940,34870.0
10,34950,34880.0
10,34960,34890.0
10,34970,34900.0
10,34980,34910.0
10,34990,34920.0
10,35000,34930.0
10,35010,34940.0
10,35020,34950.0
10,35030,34960.0
10,35040,34970.0
10,35050,34980.0
10,35060,34990.0
10,35070,35000.0
10,35080,35010.0
10,35090,35020.0
10,35100,35030.0
10,35110,35040.0
10,35120,35050.0
10,35130,35060.0
10,35140,35070.0
10,35150,35080.0
10,35160,35090.0
10,35170,35100.0
10,35180,35110.0
10,35190,35120.0
10,35200,35130.0
10,35210,35140.0
10,35220,35150.0
10,35230,35160.0
10,35240,35170.0
10,35250,35180.0
10,35260,35190.0
10,35270,35200.0
10,35280,35210.0
10,35290,35220.0
10,35300,35230.0
10,35310,35240.0
10,35320,35250.0
10,35330,35260.0
10,35340,35270.0
10,35350,35280.0
10,35360,35290.0
10,35370,35300.0
10,35380,35310.0
10,35390,35320.0
10,35400,35330.0
10,35410,35340.0
10,35420,35350.0
10,35430,35360.0
10,35440,35370.0
10,35450,35380.0
10,35460,35390.0
10,35470,35400.0
10,35480,35410.0
10,35490,35420.0
10,35500,35430.0
10,35510,35440.0
10,35520,35450.0
10,35530,35460.0
10,35540,35470.0
10,35550,35480.0
10,35560,35490.0
10,35570,35500.0
10,35580,35510.0
10,35590,35520.0
10,35600,35530.0
10,35610,35540.0
10,35620,35550.0
10,35630,35560.0
10,35640,35570.0
10,35650,35580.0
10,35660,35590.0
10,35670,35600.0
10,35680,35610.0
10,35690,35620.0
10,35700,35630.0
10,35710,35640.0
10,35720,35650.0
10,35730,35660.0
10,35740,35670.0
10,35750,35680.0
10,35760,35690.0
10,35770,35700.0
10,35780,35710.0
10,35790,35720.0
10,35800,35730.0
10,35810,35740.0
10,35820,35750.0
10,35830,35760.0
10,35840,35770.0
10,35850,35780.0
10,35860,35790.0
10,35870,35800.0
10,35880,35810.0
10,35890,35820.0
10,35900,35830.0
10,35910,35840.0
10,35920,35850.0
10,35930,35860.0
10,35940,35870.0
10,35950,35880.0
10,35960,35890.0
10,35970,35900.0
10,35980,35910.0
10,35990,35920.0
10,36000,35930.0
10,36010,35940.0
10,36020,35950.0
10,36030,35960.0
10,36040,35970.0
10,36050,35980.0
10,36060,35990.0
10,36070,36000.0
10,36080,36010.0
10,36090,36020.0
10,36100,36030.0
10,36110,36040.0
10,36120,36050.0
10,36130,36060.0
10,36140,36070.0
10,36150,36080.0
10,36160,36090.0
10,36170,36100.0
10,36180,36110.0
10,36190,36120.0
10,36200,36130.0
10,36210,36140.0
10,36220,36150.0
10,36230,36160.0
