0,6100,
130,6230,
-5,6225,
-5,6220,
-5,6215,
-5,6210,
-5,6205,
-5,6200,
-5,6195,
-5,6190,
-5,6185,
-5,6180,
-5,6175,
-5,6170,
-5,6165,6191.0
-5,6160,6195.0
-5,6155,6190.0
-5,6150,6185.0
-5,6145,6180.0
-5,6140,6175.0
-5,6135,6170.0
-5,6130,6165.0
-5,6125,6160.0
-5,6120,6155.0
-5,6115,6150.0
-5,6110,6145.0
-5,6105,6140.0
-5,6100,6135.0
-5,6095,6130.0
-5,6090,6125.0
-5,6085,6120.0
-5,6080,6115.0
-5,6075,6110.0
-5,6070,6105.0
-5,6065,6100.0
-5,6060,6095.0
-5,6055,6090.0
-5,6050,6085.0
-5,6045,6080.0
-5,6040,6075.0
-5,6035,6070.0
-5,6030,6065.0
-5,6025,6060.0
-5,6020,6055.0
-5,6015,6050.0
-5,6010,6045.0
-5,6005,6040.0
-5,6000,6035.0
-5,5995,6030.0
-5,5990,6025.0
-5,5985,6020.0
-5,5980,6015.0
-5,5975,6010.0
-5,5970,6005.0
-5,5965,6000.0
-5,5960,5995.0
-5,5955,5990.0
-5,5950,5985.0
-5,5945,5980.0
-5,5940,5975.0
-5,5935,5970.0
-5,5930,5965.0
-5,5925,5960.0
-5,5920,5955.0
-5,5915,5950.0
-5,5910,5945.0
-5,5905,5940.0
-5,5900,5935.0
-5,5895,5930.0
-5,5890,5925.0
-5,5885,5920.0
-5,5880,5915.0
-5,5875,5910.0
-5,5870,5905.0
-5,5865,5900.0
-5,5860,5895.0
-5,5855,5890.0
-5,5850,5885.0
-5,5845,5880.0
-5,5840,5875.0
-5,5835,5870.0
-5,5830,5865.0
-5,5825,5860.0
-5,5820,5855.0
-5,5815,5850.0
-5,5810,5845.0
-5,5805,5840.0
-5,5800,5835.0
-5,5795,5830.0
-5,5790,5825.0
-5,5785,5820.0
-5,5780,5815.0
-5,5775,5810.0
-5,5770,5805.0
-5,5765,5800.0
-5,5760,5795.0
-5,5755,5790.0
-5,5750,5785.0
-5,5745,5780.0
-5,5740,5775.0
-5,5735,5770.0
-5,5730,5765.0
-5,5725,5760.0
-5,5720,5755.0
-5,5715,5750.0
-5,5710,5745.0
-5,5705,5740.0
-5,5700,5735.0
-5,5695,5730.0
-5,5690,5725.0
-5,5685,5720.0
-5,5680,5715.0
-5,5675,5710.0
-5,5670,5705.0
-5,5665,5700.0
-5,5660,5695.0
-5,5655,5690.0
-5,5650,5685.0
-5,5645,5680.0
-5,5640,5675.0
-5,5635,5670.0
-5,5630,5665.0
-5,5625,5660.0
-5,5620,5655.0
-5,5615,5650.0
-5,5610,5645.0
-5,5605,5640.0
-5,5600,5635.0
-5,5595,5630.0
-5,5590,5625.0
-5,5585,5620.0
-5,5580,5615.0
-5,5575,5610.0
-5,5570,5605.0
-5,5565,5600.0
-5,5560,5595.0
-5,5555,5590.0
-5,5550,5585.0
-5,5545,5580.0
-5,5540,5575.0
-5,5535,5570.0
-5,5530,5565.0
-5,5525,5560.0
-5,5520,5555.0
-5,5515,5550.0
-5,5510,5545.0
-5,5505,5540.0
-5,5500,5535.0
-5,5495,5530.0
-5,5490,5525.0
-5,5485,5520.0
-5,5480,5515.0
-5,5475,5510.0
-5,5470,5505.0
-5,5465,5500.0
-5,5460,5495.0
-5,5455,5490.0
-5,5450,5485.0
-5,5445,5480.0
-5,5440,5475.0
-5,5435,5470.0
-5,5430,5465.0
-5,5425,5460.0
-5,5420,5455.0
-5,5415,5450.0
-5,5410,5445.0
-5,5405,5440.0
-5,5400,5435.0
-5,5395,5430.0
-5,5390,5425.0
-5,5385,5420.0
-5,5380,5415.0
-5,5375,5410.0
-5,5370,5405.0
-5,5365,5400.0
-5,5360,5395.0
-5,5355,5390.0
-5,5350,5385.0
-5,5345,5380.0
-5,5340,5375.0
-5,5335,5370.0
-5,5330,5365.0
-5,5325,5360.0
-5,5320,5355.0
-5,5315,5350.0
-5,5310,5345.0
-5,5305,5340.0
-5,5300,5335.0
-5,5295,5330.0
-5,5290,5325.0
-5,5285,5320.0
-5,5280,5315.0
-5,5275,5310.0
-5,5270,5305.0
-5,5265,5300.0
-5,5260,5295.0
-5,5255,5290.0
-5,5250,5285.0
-5,5245,5280.0
-5,5240,5275.0
-5,5235,5270.0
-5,5230,5265.0
-5,5225,5260.0
-5,5220,5255.0
-5,5215,5250.0
-5,5210,5245.0
-5,5205,5240.0
-5,5200,5235.0
-5,5195,5230.0
-5,5190,5225.0
-5,5185,5220.0
-5,5180,5215.0
-5,5175,5210.0
-5,5170,5205.0
-5,5165,5200.0
-5,5160,5195.0
-5,5155,5190.0
-5,5150,5185.0
-5,5145,5180.0
-5,5140,5175.0
-5,5135,5170.0
-5,5130,5165.0
-5,5125,5160.0
-5,5120,5155.0
-5,5115,5150.0
-5,5110,5145.0
-5,5105,5140.0
-5,5100,5135.0
-5,5095,5130.0
-5,5090,5125.0
-5,5085,5120.0
-5,5080,5115.0
-5,5075,5110.0
-5,5070,5105.0
-5,5065,5100.0
-5,5060,5095.0
-5,5055,5090.0
-5,5050,5085.0
-5,5045,5080.0
-5,5040,5075.0
-5,5035,5070.0
-5,5030,5065.0
-5,5025,5060.0
-5,5020,5055.0
-5,5015,5050.0
-5,5010,5045.0
-5,5005,5040.0
-5,5000,5035.0
-5,4995,5030.0
-5,4990,5025.0
-5,4985,5020.0
-5,4980,5015.0
-5,4975,5010.0
-5,4970,5005.0
-5,4965,5000.0
-5,4960,4995.0
-5,4955,4990.0
-5,4950,4985.0
-5,4945,4980.0
-5,4940,4975.0
-5,4935,4970.0
-5,4930,4965.0
-5,4925,4960.0
-5,4920,4955.0
-5,4915,4950.0
-5,4910,4945.0
-5,4905,4940.0
-5,4900,4935.0
-5,4895,4930.0
-5,4890,4925.0
-5,4885,4920.0
-5,4880,4915.0
-5,4875,4910.0
-5,4870,4905.0
-5,4865,4900.0
-5,4860,4895.0
-5,4855,4890.0
-5,4850,4885.0
-5,4845,4880.0
-5,4840,4875.0
-5,4835,4870.0
-5,4830,4865.0
-5,4825,4860.0
-5,4820,4855.0
-5,4815,4850.0
-5,4810,4845.0
-5,4805,4840.0
-5,4800,4835.0
-5,4795,4830.0
-5,4790,4825.0
-5,4785,4820.0
-5,4780,4815.0
-5,4775,4810.0
-5,4770,4805.0
-5,4765,4800.0
-5,4760,4795.0
-5,4755,4790.0
-5,4750,4785.0
-5,4745,4780.0
-5,4740,4775.0
-5,4735,4770.0
-5,4730,4765.0
-5,4725,4760.0
-5,4720,4755.0
-5,4715,4750.0
-5,4710,4745.0
-5,4705,4740.0
-5,4700,4735.0
-5,4695,4730.0
-5,4690,4725.0
-5,4685,4720.0
-5,4680,4715.0
-5,4675,4710.0
-5,4670,4705.0
-5,4665,4700.0
-5,4660,4695.0
-5,4655,4690.0
-5,4650,4685.0
-5,4645,4680.0
-5,4640,4675.0
-5,4635,4670.0
-5,4630,4665.0
-5,4625,4660.0
-5,4620,4655.0
-5,4615,4650.0
-5,4610,4645.0
-5,4605,4640.0
-5,4600,4635.0
-5,4595,4630.0
-5,4590,4625.0
-5,4585,4620.0
-5,4580,4615.0
-5,4575,4610.0
-5,4570,4605.0
-5,4565,4600.0
-5,4560,4595.0
-5,4555,4590.0
-5,4550,4585.0
-5,4545,4580.0
-5,4540,4575.0
-5,4535,4570.0
-5,4530,4565.0
-5,4525,4560.0
-5,4520,4555.0
-5,4515,4550.0
-5,4510,4545.0
-5,4505,4540.0
-5,4500,4535.0
-5,4495,4530.0
-5,4490,4525.0
-5,4485,4520.0
-5,4480,4515.0
-5,4475,4510.0
-5,4470,4505.0
-5,4465,4500.0
-5,4460,4495.0
-5,4455,4490.0
-5,4450,4485.0
-5,4445,4480.0
-5,4440,4475.0
-5,4435,4470.0
-5,4430,4465.0
-5,4425,4460.0
-5,4420,4455.0
-5,4415,4450.0
-5,4410,4445.0
-5,4405,4440.0
-5,4400,4435.0
-5,4395,4430.0
-5,4390,4425.0
-5,4385,4420.0
-5,4380,4415.0
-5,4375,4410.0
-5,4370,4405.0
-5,4365,4400.0
-5,4360,4395.0
-5,4355,4390.0
-5,4350,4385.0
-5,4345,4380.0
-5,4340,4375.0
-5,4335,4370.0
-5,4330,4365.0
-5,4325,4360.0
-5,4320,4355.0
-5,4315,4350.0
-5,4310,4345.0
-5,4305,4340.0
-5,4300,4335.0
-5,4295,4330.0
-5,4290,4325.0
-5,4285,4320.0
-5,4280,4315.0
-5,4275,4310.0
-5,4270,4305.0
-5,4265,4300.0
-5,4260,4295.0
-5,4255,4290.0
-5,4250,4285.0
-5,4245,4280.0
-5,4240,4275.0
-5,4235,4270.0
-5,4230,4265.0
-5,4225,4260.0
-5,4220,4255.0
-5,4215,4250.0
-5,4210,4245.0
-5,4205,4240.0
-5,4200,4235.0
-5,4195,4230.0
-5,4190,4225.0
-5,4185,4220.0
-5,4180,4215.0
-5,4175,4210.0
-5,4170,4205.0
-5,4165,4200.0
-5,4160,4195.0
-5,4155,4190.0
-5,4150,4185.0
-5,4145,4180.0
-5,4140,4175.0
-5,4135,4170.0
-5,4130,4165.0
-5,4125,4160.0
-5,4120,4155.0
-5,4115,4150.0
-5,4110,4145.0
-5,4105,4140.0
-5,4100,4135.0
-5,4095,4130.0
-5,4090,4125.0
-5,4085,4120.0
-5,4080,4115.0
-5,4075,4110.0
-5,4070,4105.0
-5,4065,4100.0
-5,4060,4095.0
-5,4055,4090.0
-5,4050,4085.0
-5,4045,4080.0
-5,4040,4075.0
-5,4035,4070.0
-5,4030,4065.0
-5,4025,4060.0
-5,4020,4055.0
-5,4015,4050.0
-5,4010,4045.0
-5,4005,4040.0
-5,4000,4035.0
-5,3995,4030.0
-5,3990,4025.0
-5,3985,4020.0
-5,3980,4015.0
-5,3975,4010.0
-5,3970,4005.0
-5,3965,4000.0
-5,3960,3995.0
-5,3955,3990.0
-5,3950,3985.0
-5,3945,3980.0
-5,3940,3975.0
-5,3935,3970.0
-5,3930,3965.0
-5,3925,3960.0
-5,3920,3955.0
-5,3915,3950.0
-5,3910,3945.0
-5,3905,3940.0
-5,3900,3935.0
-5,3895,3930.0
-5,3890,3925.0
-5,3885,3920.0
-5,3880,3915.0
-5,3875,3910.0
-5,3870,3905.0
-5,3865,3900.0
-5,3860,3895.0
-5,3855,3890.0
-5,3850,3885.0
-5,3845,3880.0
-5,3840,3875.0
-5,3835,3870.0
-5,3830,3865.0
-5,3825,3860.0
-5,3820,3855.0
-5,3815,3850.0
-5,3810,3845.0
-5,3805,3840.0
-5,3800,3835.0
-5,3795,3830.0
-5,3790,3825.0
-5,3785,3820.0
-5,3780,3815.0
-5,3775,3810.0
-5,3770,3805.0
-5,3765,3800.0
-5,3760,3795.0
-5,3755,3790.0
-5,3750,3785.0
-5,3745,3780.0
-5,3740,3775.0
-5,3735,3770.0
-5,3730,3765.0
-5,3725,3760.0
-5,3720,3755.0
-5,3715,3750.0
-5,3710,3745.0
-5,3705,3740.0
-5,3700,3735.0
-5,3695,3730.0
-5,3690,3725.0
-5,3685,3720.0
-5,3680,3715.0
-5,3675,3710.0
-5,3670,3705.0
-5,3665,3700.0
-5,3660,3695.0
-5,3655,3690.0
-5,3650,3685.0
-5,3645,3680.0
-5,3640,3675.0
-5,3635,3670.0
-5,3630,3665.0
-5,3625,3660.0
-5,3620,3655.0
-5,3615,3650.0
-5,3610,3645.0
-5,3605,3640.0
-5,3600,3635.0
-5,3595,3630.0
-5,3590,3625.0
-5,3585,3620.0
-5,3580,3615.0
-5,3575,3610.0
-5,3570,3605.0
-5,3565,3600.0
-5,3560,3595.0
-5,3555,3590.0
-5,3550,3585.0
-5,3545,3580.0
-5,3540,3575.0
-5,3535,3570.0
-5,3530,3565.0
-5,3525,3560.0
-5,3520,3555.0
-5,3515,3550.0
-5,3510,3545.0
-5,3505,3540.0
-5,3500,3535.0
-5,3495,3530.0
-5,3490,3525.0
-5,3485,3520.0
-5,3480,3515.0
-5,3475,3510.0
-5,3470,3505.0
-5,3465,3500.0
-5,3460,3495.0
-5,3455,3490.0
-5,3450,3485.0
-5,3445,3480.0
-5,3440,3475.0
-5,3435,3470.0
-5,3430,3465.0
-5,3425,3460.0
-5,3420,3455.0
-5,3415,3450.0
-5,3410,3445.0
-5,3405,3440.0
-5,3400,3435.0
-5,3395,3430.0
-5,3390,3425.0
-5,3385,3420.0
-5,3380,3415.0
-5,3375,3410.0
-5,3370,3405.0
-5,3365,3400.0
-5,3360,3395.0
-5,3355,3390.0
-5,3350,3385.0
-5,3345,3380.0
-5,3340,3375.0
-5,3335,3370.0
-5,3330,3365.0
-5,3325,3360.0
-5,3320,3355.0
-5,3315,3350.0
-5,3310,3345.0
-5,3305,3340.0
-5,3300,3335.0
-5,3295,3330.0
-5,3290,3325.0
-5,3285,3320.0
-5,3280,3315.0
-5,3275,3310.0
-5,3270,3305.0
-5,3265,3300.0
-5,3260,3295.0
-5,3255,3290.0
-5,3250,3285.0
-5,3245,3280.0
-5,3240,3275.0
-5,3235,3270.0
-5,3230,3265.0
-5,3225,3260.0
-5,3220,3255.0
-5,3215,3250.0
-5,3210,3245.0
-5,3205,3240.0
-5,3200,3235.0
-5,3195,3230.0
-5,3190,3225.0
-5,3185,3220.0
-5,3180,3215.0
-5,3175,3210.0
-5,3170,3205.0
-5,3165,3200.0
-5,3160,3195.0
-5,3155,3190.0
-5,3150,3185.0
-5,3145,3180.0
-5,3140,3175.0
-5,3135,3170.0
-5,3130,3165.0
-5,3125,3160.0
-5,3120,3155.0
-5,3115,3150.0
-5,3110,3145.0
-5,3105,3140.0
-5,3100,3135.0
-5,3095,3130.0
-5,3090,3125.0
-5,3085,3120.0
-5,3080,3115.0
-5,3075,3110.0
-5,3070,3105.0
-5,3065,3100.0
-5,3060,3095.0
-5,3055,3090.0
-5,3050,3085.0
-5,3045,3080.0
-5,3040,3075.0
-5,3035,3070.0
-5,3030,3065.0
-5,3025,3060.0
-5,3020,3055.0
-5,3015,3050.0
-5,3010,3045.0
-5,3005,3040.0
-5,3000,3035.0
-5,2995,3030.0
-5,2990,3025.0
-5,2985,3020.0
-5,2980,3015.0
-5,2975,3010.0
-5,2970,3005.0
-5,2965,3000.0
-5,2960,2995.0
-5,2955,2990.0
-5,2950,2985.0
-5,2945,2980.0
-5,2940,2975.0
-5,2935,2970.0
-5,2930,2965.0
-5,2925,2960.0
-5,2920,2955.0
-5,2915,2950.0
-5,2910,2945.0
-5,2905,2940.0
-5,2900,2935.0
-5,2895,2930.0
-5,2890,2925.0
-5,2885,2920.0
-5,2880,2915.0
-5,2875,2910.0
-5,2870,2905.0
-5,2865,2900.0
-5,2860,2895.0
-5,2855,2890.0
-5,2850,2885.0
-5,2845,2880.0
-5,2840,2875.0
-5,2835,2870.0
-5,2830,2865.0
-5,2825,2860.0
-5,2820,2855.0
-5,2815,2850.0
-5,2810,2845.0
-5,2805,2840.0
-5,2800,2835.0
-5,2795,2830.0
-5,2790,2825.0
-5,2785,2820.0
-5,2780,2815.0
-5,2775,2810.0
-5,2770,2805.0
-5,2765,2800.0
-5,2760,2795.0
-5,2755,2790.0
-5,2750,2785.0
-5,2745,2780.0
-5,2740,2775.0
-5,2735,2770.0
-5,2730,2765.0
-5,2725,2760.0
-5,2720,2755.0
-5,2715,2750.0
-5,2710,2745.0
-5,2705,2740.0
-5,2700,2735.0
-5,2695,2730.0
-5,2690,2725.0
-5,2685,2720.0
-5,2680,2715.0
-5,2675,2710.0
-5,2670,2705.0
-5,2665,2700.0
-5,2660,2695.0
-5,2655,2690.0
-5,2650,2685.0
-5,2645,2680.0
-5,2640,2675.0
-5,2635,2670.0
-5,2630,2665.0
-5,2625,2660.0
-5,2620,2655.0
-5,2615,2650.0
-5,2610,2645.0
-5,2605,2640.0
-5,2600,2635.0
-5,2595,2630.0
-5,2590,2625.0
-5,2585,2620.0
-5,2580,2615.0
-5,2575,2610.0
-5,2570,2605.0
-5,2565,2600.0
-5,2560,2595.0
-5,2555,2590.0
-5,2550,2585.0
-5,2545,2580.0
-5,2540,2575.0
-5,2535,2570.0
-5,2530,2565.0
-5,2525,2560.0
-5,2520,2555.0
-5,2515,2550.0
-5,2510,2545.0
-5,2505,2540.0
-5,2500,2535.0
-5,2495,2530.0
-5,2490,2525.0
-5,2485,2520.0
-5,2480,2515.0
-5,2475,2510.0
-5,2470,2505.0
-5,2465,2500.0
-5,2460,2495.0
-5,2455,2490.0
-5,2450,2485.0
-5,2445,2480.0
-5,2440,2475.0
-5,2435,2470.0
-5,2430,2465.0
-5,2425,2460.0
-5,2420,2455.0
-5,2415,2450.0
-5,2410,2445.0
-5,2405,2440.0
-5,2400,2435.0
-5,2395,2430.0
-5,2390,2425.0
-5,2385,2420.0
-5,2380,2415.0
-5,2375,2410.0
-5,2370,2405.0
-5,2365,2400.0
-5,2360,2395.0
-5,2355,2390.0
-5,2350,2385.0
-5,2345,2380.0
-5,2340,2375.0
-5,2335,2370.0
-5,2330,2365.0
-5,2325,2360.0
-5,2320,2355.0
-5,2315,2350.0
-5,2310,2345.0
-5,2305,2340.0
-5,2300,2335.0
-5,2295,2330.0
-5,2290,2325.0
-5,2285,2320.0
-5,2280,2315.0
-5,2275,2310.0
-5,2270,2305.0
-5,2265,2300.0
-5,2260,2295.0
-5,2255,2290.0
-5,2250,2285.0
-5,2245,2280.0
-5,2240,2275.0
-5,2235,2270.0
-5,2230,2265.0
-5,2225,2260.0
-5,2220,2255.0
-5,2215,2250.0
-5,2210,2245.0
-5,2205,2240.0
-5,2200,2235.0
-5,2195,2230.0
-5,2190,2225.0
-5,2185,2220.0
-5,2180,2215.0
-5,2175,2210.0
-5,2170,2205.0
-5,2165,2200.0
-5,2160,2195.0
-5,2155,2190.0
-5,2150,2185.0
-5,2145,2180.0
-5,2140,2175.0
-5,2135,2170.0
-5,2130,2165.0
-5,2125,2160.0
-5,2120,2155.0
-5,2115,2150.0
-5,2110,2145.0
-5,2105,2140.0
-5,2100,2135.0
-5,2095,2130.0
-5,2090,2125.0
-5,2085,2120.0
-5,2080,2115.0
-5,2075,2110.0
-5,2070,2105.0
-5,2065,2100.0
-5,2060,2095.0
-5,2055,2090.0
-5,2050,2085.0
-5,2045,2080.0
-5,2040,2075.0
-5,2035,2070.0
-5,2030,2065.0
-5,2025,2060.0
-5,2020,2055.0
-5,2015,2050.0
-5,2010,2045.0
-5,2005,2040.0
-5,2000,2035.0
-5,1995,2030.0
-5,1990,2025.0
-5,1985,2020.0
-5,1980,2015.0
-5,1975,2010.0
-5,1970,2005.0
-5,1965,2000.0
-5,1960,1995.0
-5,1955,1990.0
-5,1950,1985.0
-5,1945,1980.0
-5,1940,1975.0
-5,1935,1970.0
-5,1930,1965.0
-5,1925,1960.0
-5,1920,1955.0
-5,1915,1950.0
-5,1910,1945.0
-5,1905,1940.0
-5,1900,1935.0
-5,1895,1930.0
-5,1890,1925.0
-5,1885,1920.0
-5,1880,1915.0
-5,1875,1910.0
-5,1870,1905.0
-5,1865,1900.0
-5,1860,1895.0
-5,1855,1890.0
-5,1850,1885.0
-5,1845,1880.0
-5,1840,1875.0
-5,1835,1870.0
-5,1830,1865.0
-5,1825,1860.0
-5,1820,1855.0
-5,1815,1850.0
-5,1810,1845.0
-5,1805,1840.0
-5,1800,1835.0
-5,1795,1830.0
-5,1790,1825.0
-5,1785,1820.0
-5,1780,1815.0
-5,1775,1810.0
-5,1770,1805.0
-5,1765,1800.0
-5,1760,1795.0
-5,1755,1790.0
-5,1750,1785.0
-5,1745,1780.0
-5,1740,1775.0
-5,1735,1770.0
-5,1730,1765.0
-5,1725,1760.0
-5,1720,1755.0
-5,1715,1750.0
-5,1710,1745.0
-5,1705,1740.0
-5,1700,1735.0
-5,1695,1730.0
-5,1690,1725.0
-5,1685,1720.0
-5,1680,1715.0
-5,1675,1710.0
-5,1670,1705.0
-5,1665,1700.0
-5,1660,1695.0
-5,1655,1690.0
-5,1650,1685.0
-5,1645,1680.0
-5,1640,1675.0
-5,1635,1670.0
-5,1630,1665.0
-5,1625,1660.0
-5,1620,1655.0
-5,1615,1650.0
-5,1610,1645.0
-5,1605,1640.0
-5,1600,1635.0
-5,1595,1630.0
-5,1590,1625.0
-5,1585,1620.0
-5,1580,1615.0
-5,1575,1610.0
-5,1570,1605.0
-5,1565,1600.0
-5,1560,1595.0
-5,1555,1590.0
-5,1550,1585.0
-5,1545,1580.0
-5,1540,1575.0
-5,1535,1570.0
-5,1530,1565.0
-5,1525,1560.0
-5,1520,1555.0
-5,1515,1550.0
-5,1510,1545.0
-5,1505,1540.0
-5,1500,1535.0
-5,1495,1530.0
-5,1490,1525.0
-5,1485,1520.0
-5,1480,1515.0
-5,1475,1510.0
-5,1470,1505.0
-5,1465,1500.0
-5,1460,1495.0
-5,1455,1490.0
-5,1450,1485.0
-5,1445,1480.0
-5,1440,1475.0
-5,1435,1470.0
-5,1430,1465.0
-5,1425,1460.0
-5,1420,1455.0
-5,1415,1450.0
-5,1410,1445.0
-5,1405,1440.0
-5,1400,1435.0
-5,1395,1430.0
-5,1390,1425.0
-5,1385,1420.0
-5,1380,1415.0
-5,1375,1410.0
-5,1370,1405.0
-5,1365,1400.0
-5,1360,1395.0
-5,1355,1390.0
-5,1350,1385.0
-5,1345,1380.0
-5,1340,1375.0
-5,1335,1370.0
-5,1330,1365.0
-5,1325,1360.0
-5,1320,1355.0
-5,1315,1350.0
-5,1310,1345.0
-5,1305,1340.0
-5,1300,1335.0
-5,1295,1330.0
-5,1290,1325.0
-5,1285,1320.0
-5,1280,1315.0
-5,1275,1310.0
-5,1270,1305.0
-5,1265,1300.0
-5,1260,1295.0
-5,1255,1290.0
-5,1250,1285.0
-5,1245,1280.0
-5,1240,1275.0
-5,1235,1270.0
-5,1230,1265.0
-5,1225,1260.0
-5,1220,1255.0
-5,1215,1250.0
-5,1210,1245.0
-5,1205,1240.0
-5,1200,1235.0
-5,1195,1230.0
-5,1190,1225.0
-5,1185,1220.0
-5,1180,1215.0
-5,1175,1210.0
-5,1170,1205.0
-5,1165,1200.0
-5,1160,1195.0
-5,1155,1190.0
-5,1150,1185.0
-5,1145,1180.0
-5,1140,1175.0
-5,1135,1170.0
-5,1130,1165.0
-5,1125,1160.0
-5,1120,1155.0
-5,1115,1150.0
-5,1110,1145.0
-5,1105,1140.0
-5,1100,1135.0
-5,1095,1130.0
-5,1090,1125.0
-5,1085,1120.0
-5,1080,1115.0
-5,1075,1110.0
-5,1070,1105.0
-5,1065,1100.0
-5,1060,1095.0
-5,1055,1090.0
-5,1050,1085.0
-5,1045,1080.0
-5,1040,1075.0
-5,1035,1070.0
-5,1030,1065.0
-5,1025,1060.0
-5,1020,1055.0
-5,1015,1050.0
-5,1010,1045.0
-5,1005,1040.0
-5,1000,1035.0
-5,995,1030.0
-5,990,1025.0
-5,985,1020.0
-5,980,1015.0
-5,975,1010.0
-5,970,1005.0
-5,965,1000.0
-5,960,995.0
-5,955,990.0
-5,950,985.0
-5,945,980.0
-5,940,975.0
-5,935,970.0
-5,930,965.0
-5,925,960.0
-5,920,955.0
-5,915,950.0
-5,910,945.0
-5,905,940.0
-5,900,935.0
-5,895,930.0
-5,890,925.0
-5,885,920.0
-5,880,915.0
-5,875,910.0
-5,870,905.0
-5,865,900.0
-5,860,895.0
-5,855,890.0
-5,850,885.0
-5,845,880.0
-5,840,875.0
-5,835,870.0
-5,830,865.0
-5,825,860.0
-5,820,855.0
-5,815,850.0
-5,810,845.0
-5,805,840.0
-5,800,835.0
-5,795,830.0
-5,790,825.0
-5,785,820.0
-5,780,815.0
-5,775,810.0
-5,770,805.0
-5,765,800.0
-5,760,795.0
-5,755,790.0
-5,750,785.0
-5,745,780.0
-5,740,775.0
-5,735,770.0
-5,730,765.0
-5,725,760.0
-5,720,755.0
-5,715,750.0
-5,710,745.0
-5,705,740.0
-5,700,735.0
-5,695,730.0
-5,690,725.0
-5,685,720.0
-5,680,715.0
-5,675,710.0
-5,670,705.0
-5,665,700.0
-5,660,695.0
-5,655,690.0
-5,650,685.0
-5,645,680.0
-5,640,675.0
-5,635,670.0
-5,630,665.0
-5,625,660.0
-5,620,655.0
-5,615,650.0
-5,610,645.0
-5,605,640.0
-5,600,635.0
-5,595,630.0
-5,590,625.0
-5,585,620.0
-5,580,615.0
-5,575,610.0
-5,570,605.0
-5,565,600.0
-5,560,595.0
-5,555,590.0
-5,550,585.0
-5,545,580.0
-5,540,575.0
-5,535,570.0
-5,530,565.0
-5,525,560.0
-5,520,555.0
-5,515,550.0
-5,510,545.0
-5,505,540.0
-5,500,535.0
-5,495,530.0
-5,490,525.0
-5,485,520.0
-5,480,515.0
-5,475,510.0
-5,470,505.0
-5,465,500.0
-5,460,495.0
-5,455,490.0
-5,450,485.0
-5,445,480.0
-5,440,475.0
-5,435,470.0
-5,430,465.0
-5,425,460.0
-5,420,455.0
-5,415,450.0
-5,410,445.0
-5,405,440.0
-5,400,435.0
-5,395,430.0
-5,390,425.0
-5,385,420.0
-5,380,415.0
-5,375,410.0
-5,370,405.0
-5,365,400.0
-5,360,395.0
-5,355,390.0
-5,350,385.0
-5,345,380.0
-5,340,375.0
-5,335,370.0
-5,330,365.0
-5,325,360.0
-5,320,355.0
-5,315,350.0
-5,310,345.0
-5,305,340.0
-5,300,335.0
-5,295,330.0
-5,290,325.0
-5,285,320.0
-5,280,315.0
-5,275,310.0
-5,270,305.0
-5,265,300.0
-5,260,295.0
-5,255,290.0
-5,250,285.0
-5,245,280.0
-5,240,275.0
-5,235,270.0
-5,230,265.0
-5,225,260.0
-5,220,255.0
-5,215,250.0
-5,210,245.0
-5,205,240.0
-5,200,235.0
-5,195,230.0
-5,190,225.0
-5,185,220.0
-5,180,215.0
-5,175,210.0
-5,170,205.0
-5,165,200.0
-5,160,195.0
-5,155,190.0
-5,150,185.0
-5,145,180.0
-5,140,175.0
-5,135,170.0
-5,130,165.0
-5,125,160.0
-5,120,155.0
-5,115,150.0
-5,110,145.0
-5,105,140.0
-5,100,135.0
-5,95,130.0
-5,90,125.0
-5,85,120.0
-5,80,115.0
-5,75,110.0
-5,70,105.0
-5,65,100.0
-5,60,95.0
-5,55,90.0
-5,50,85.0
-5,45,80.0
-5,40,75.0
-5,35,70.0
-5,30,65.0
-5,25,60.0
-5,20,55.0
-5,15,50.0
-5,10,45.0
-5,5,40.0
-5,0,35.0
-5,-5,30.0
-5,-10,25.0
-5,-15,20.0
-5,-20,15.0
-5,-25,10.0
-5,-30,5.0
-5,-35,0.0
-5,-40,-5.0
-5,-45,-10.0
-5,-50,-15.0
-5,-55,-20.0
-5,-60,-25.0
-5,-65,-30.0
-5,-70,-35.0
-5,-75,-40.0
-5,-80,-45.0
-5,-85,-50.0
-5,-90,-55.0
-5,-95,-60.0
-5,-100,-65.0
-5,-105,-70.0
-5,-110,-75.0
-5,-115,-80.0
-5,-120,-85.0
-5,-125,-90.0
-5,-130,-95.0
-5,-135,-100.0
-5,-140,-105.0
-5,-145,-110.0
-5,-150,-115.0
-5,-155,-120.0
-5,-160,-125.0
-5,-165,-130.0
-5,-170,-135.0
-5,-175,-140.0
-5,-180,-145.0
-5,-185,-150.0
-5,-190,-155.0
-5,-195,-160.0
-5,-200,-165.0
-5,-205,-170.0
-5,-210,-175.0
-5,-215,-180.0
-5,-220,-185.0
-5,-225,-190.0
-5,-230,-195.0
-5,-235,-200.0
-5,-240,-205.0
-5,-245,-210.0
-5,-250,-215.0
-5,-255,-220.0
-5,-260,-225.0
-5,-265,-230.0
-5,-270,-235.0
-5,-275,-240.0
-5,-280,-245.0
-5,-285,-250.0
-5,-290,-255.0
-5,-295,-260.0
-5,-300,-265.0
-5,-305,-270.0
-5,-310,-275.0
-5,-315,-280.0
-5,-320,-285.0
-5,-325,-290.0
-5,-330,-295.0
-5,-335,-300.0
-5,-340,-305.0
-5,-345,-310.0
-5,-350,-315.0
-5,-355,-320.0
-5,-360,-325.0
-5,-365,-330.0
-5,-370,-335.0
-5,-375,-340.0
-5,-380,-345.0
-5,-385,-350.0
-5,-390,-355.0
-5,-395,-360.0
-5,-400,-365.0
-5,-405,-370.0
-5,-410,-375.0
-5,-415,-380.0
-5,-420,-385.0
-5,-425,-390.0
-5,-430,-395.0
-5,-435,-400.0
-5,-440,-405.0
-5,-445,-410.0
-5,-450,-415.0
-5,-455,-420.0
-5,-460,-425.0
-5,-465,-430.0
-5,-470,-435.0
-5,-475,-440.0
-5,-480,-445.0
-5,-485,-450.0
-5,-490,-455.0
-5,-495,-460.0
-5,-500,-465.0
-5,-505,-470.0
-5,-510,-475.0
-5,-515,-480.0
-5,-520,-485.0
-5,-525,-490.0
-5,-530,-495.0
-5,-535,-500.0
-5,-540,-505.0
-5,-545,-510.0
-5,-550,-515.0
-5,-555,-520.0
-5,-560,-525.0
-5,-565,-530.0
-5,-570,-535.0
-5,-575,-540.0
-5,-580,-545.0
-5,-585,-550.0
-5,-590,-555.0
-5,-595,-560.0
-5,-600,-565.0
-5,-605,-570.0
-5,-610,-575.0
-5,-615,-580.0
-5,-620,-585.0
-5,-625,-590.0
-5,-630,-595.0
-5,-635,-600.0
-5,-640,-605.0
-5,-645,-610.0
-5,-650,-615.0
-5,-655,-620.0
-5,-660,-625.0
-5,-665,-630.0
-5,-670,-635.0
-5,-675,-640.0
-5,-680,-645.0
-5,-685,-650.0
-5,-690,-655.0
-5,-695,-660.0
-5,-700,-665.0
-5,-705,-670.0
-5,-710,-675.0
-5,-715,-680.0
-5,-720,-685.0
-5,-725,-690.0
-5,-730,-695.0
-5,-735,-700.0
-5,-740,-705.0
-5,-745,-710.0
-5,-750,-715.0
-5,-755,-720.0
-5,-760,-725.0
-5,-765,-730.0
-5,-770,-735.0
-5,-775,-740.0
-5,-780,-745.0
-5,-785,-750.0
-5,-790,-755.0
-5,-795,-760.0
-5,-800,-765.0
-5,-805,-770.0
-5,-810,-775.0
-5,-815,-780.0
-5,-820,-785.0
-5,-825,-790.0
-5,-830,-795.0
-5,-835,-800.0
-5,-840,-805.0
-5,-845,-810.0
-5,-850,-815.0
-5,-855,-820.0
-5,-860,-825.0
-5,-865,-830.0
-5,-870,-835.0
-5,-875,-840.0
-5,-880,-845.0
-5,-885,-850.0
-5,-890,-855.0
-5,-895,-860.0
-5,-900,-865.0
-5,-905,-870.0
-5,-910,-875.0
-5,-915,-880.0
-5,-920,-885.0
-5,-925,-890.0
-5,-930,-895.0
-5,-935,-900.0
-5,-940,-905.0
-5,-945,-910.0
-5,-950,-915.0
-5,-955,-920.0
-5,-960,-925.0
-5,-965,-930.0
-5,-970,-935.0
-5,-975,-940.0
-5,-980,-945.0
-5,-985,-950.0
-5,-990,-955.0
-5,-995,-960.0
-5,-1000,-965.0
-5,-1005,-970.0
-5,-1010,-975.0
-5,-1015,-980.0
-5,-1020,-985.0
-5,-1025,-990.0
-5,-1030,-995.0
-5,-1035,-1000.0
-5,-1040,-1005.0
-5,-1045,-1010.0
-5,-1050,-1015.0
-5,-1055,-1020.0
-5,-1060,-1025.0
-5,-1065,-1030.0
-5,-1070,-1035.0
-5,-1075,-1040.0
-5,-1080,-1045.0
-5,-1085,-1050.0
-5,-1090,-1055.0
-5,-1095,-1060.0
-5,-1100,-1065.0
-5,-1105,-1070.0
-5,-1110,-1075.0
-5,-1115,-1080.0
-5,-1120,-1085.0
-5,-1125,-1090.0
-5,-1130,-1095.0
-5,-1135,-1100.0
-5,-1140,-1105.0
-5,-1145,-1110.0
-5,-1150,-1115.0
-5,-1155,-1120.0
-5,-1160,-1125.0
-5,-1165,-1130.0
-5,-1170,-1135.0
-5,-1175,-1140.0
-5,-1180,-1145.0
-5,-1185,-1150.0
-5,-1190,-1155.0
-5,-1195,-1160.0
-5,-1200,-1165.0
-5,-1205,-1170.0
-5,-1210,-1175.0
-5,-1215,-1180.0
-5,-1220,-1185.0
-5,-1225,-1190.0
-5,-1230,-1195.0
-5,-1235,-1200.0
-5,-1240,-1205.0
-5,-1245,-1210.0
-5,-1250,-1215.0
-5,-1255,-1220.0
-5,-1260,-1225.0
-5,-1265,-1230.0
-5,-1270,-1235.0
-5,-1275,-1240.0
-5,-1280,-1245.0
-5,-1285,-1250.0
-5,-1290,-1255.0
-5,-1295,-1260.0
-5,-1300,-1265.0
-5,-1305,-1270.0
-5,-1310,-1275.0
-5,-1315,-1280.0
-5,-1320,-1285.0
-5,-1325,-1290.0
-5,-1330,-1295.0
-5,-1335,-1300.0
-5,-1340,-1305.0
-5,-1345,-1310.0
-5,-1350,-1315.0
-5,-1355,-1320.0
-5,-1360,-1325.0
-5,-1365,-1330.0
-5,-1370,-1335.0
-5,-1375,-1340.0
-5,-1380,-1345.0
-5,-1385,-1350.0
-5,-1390,-1355.0
-5,-1395,-1360.0
-5,-1400,-1365.0
-5,-1405,-1370.0
-5,-1410,-1375.0
-5,-1415,-1380.0
-5,-1420,-1385.0
-5,-1425,-1390.0
-5,-1430,-1395.0
-5,-1435,-1400.0
-5,-1440,-1405.0
-5,-1445,-1410.0
-5,-1450,-1415.0
-5,-1455,-1420.0
-5,-1460,-1425.0
-5,-1465,-1430.0
-5,-1470,-1435.0
-5,-1475,-1440.0
-5,-1480,-1445.0
-5,-1485,-1450.0
-5,-1490,-1455.0
-5,-1495,-1460.0
-5,-1500,-1465.0
-5,-1505,-1470.0
-5,-1510,-1475.0
-5,-1515,-1480.0
-5,-1520,-1485.0
-5,-1525,-1490.0
-5,-1530,-1495.0
-5,-1535,-1500.0
-5,-1540,-1505.0
-5,-1545,-1510.0
-5,-1550,-1515.0
-5,-1555,-1520.0
-5,-1560,-1525.0
-5,-1565,-1530.0
-5,-1570,-1535.0
-5,-1575,-1540.0
-5,-1580,-1545.0
-5,-1585,-1550.0
-5,-1590,-1555.0
-5,-1595,-1560.0
-5,-1600,-1565.0
-5,-1605,-1570.0
-5,-1610,-1575.0
-5,-1615,-1580.0
-5,-1620,-1585.0
-5,-1625,-1590.0
-5,-1630,-1595.0
-5,-1635,-1600.0
-5,-1640,-1605.0
-5,-1645,-1610.0
-5,-1650,-1615.0
-5,-1655,-1620.0
-5,-1660,-1625.0
-5,-1665,-1630.0
-5,-1670,-1635.0
-5,-1675,-1640.0
-5,-1680,-1645.0
-5,-1685,-1650.0
-5,-1690,-1655.0
-5,-1695,-1660.0
-5,-1700,-1665.0
-5,-1705,-1670.0
-5,-1710,-1675.0
-5,-1715,-1680.0
-5,-1720,-1685.0
-5,-1725,-1690.0
-5,-1730,-1695.0
-5,-1735,-1700.0
-5,-1740,-1705.0
-5,-1745,-1710.0
-5,-1750,-1715.0
-5,-1755,-1720.0
-5,-1760,-1725.0
-5,-1765,-1730.0
-5,-1770,-1735.0
-5,-1775,-1740.0
-5,-1780,-1745.0
-5,-1785,-1750.0
-5,-1790,-1755.0
-5,-1795,-1760.0
-5,-1800,-1765.0
-5,-1805,-1770.0
-5,-1810,-1775.0
-5,-1815,-1780.0
-5,-1820,-1785.0
-5,-1825,-1790.0
-5,-1830,-1795.0
-5,-1835,-1800.0
-5,-1840,-1805.0
-5,-1845,-1810.0
-5,-1850,-1815.0
-5,-1855,-1820.0
-5,-1860,-1825.0
-5,-1865,-1830.0
-5,-1870,-1835.0
-5,-1875,-1840.0
-5,-1880,-1845.0
-5,-1885,-1850.0
-5,-1890,-1855.0
-5,-1895,-1860.0
-5,-1900,-1865.0
-5,-1905,-1870.0
-5,-1910,-1875.0
-5,-1915,-1880.0
-5,-1920,-1885.0
-5,-1925,-1890.0
-5,-1930,-1895.0
-5,-1935,-1900.0
-5,-1940,-1905.0
-5,-1945,-1910.0
-5,-1950,-1915.0
-5,-1955,-1920.0
-5,-1960,-1925.0
-5,-1965,-1930.0
-5,-1970,-1935.0
-5,-1975,-1940.0
-5,-1980,-1945.0
-5,-1985,-1950.0
-5,-1990,-1955.0
-5,-1995,-1960.0
-5,-2000,-1965.0
-5,-2005,-1970.0
-5,-2010,-1975.0
-5,-2015,-1980.0
-5,-2020,-1985.0
-5,-2025,-1990.0
-5,-2030,-1995.0
-5,-2035,-2000.0
-5,-2040,-2005.0
-5,-2045,-2010.0
-5,-2050,-2015.0
-5,-2055,-2020.0
-5,-2060,-2025.0
-5,-2065,-2030.0
-5,-2070,-2035.0
-5,-2075,-2040.0
-5,-2080,-2045.0
-5,-2085,-2050.0
-5,-2090,-2055.0
-5,-2095,-2060.0
-5,-2100,-2065.0
-5,-2105,-2070.0
-5,-2110,-2075.0
-5,-2115,-2080.0
-5,-2120,-2085.0
-5,-2125,-2090.0
-5,-2130,-2095.0
-5,-2135,-2100.0
-5,-2140,-2105.0
-5,-2145,-2110.0
-5,-2150,-2115.0
-5,-2155,-2120.0
-5,-2160,-2125.0
-5,-2165,-2130.0
-5,-2170,-2135.0
-5,-2175,-2140.0
-5,-2180,-2145.0
-5,-2185,-2150.0
-5,-2190,-2155.0
-5,-2195,-2160.0
-5,-2200,-2165.0
-5,-2205,-2170.0
-5,-2210,-2175.0
-5,-2215,-2180.0
-5,-2220,-2185.0
-5,-2225,-2190.0
-5,-2230,-2195.0
-5,-2235,-2200.0
-5,-2240,-2205.0
-5,-2245,-2210.0
-5,-2250,-2215.0
-5,-2255,-2220.0
-5,-2260,-2225.0
-5,-2265,-2230.0
-5,-2270,-2235.0
-5,-2275,-2240.0
-5,-2280,-2245.0
-5,-2285,-2250.0
-5,-2290,-2255.0
-5,-2295,-2260.0
-5,-2300,-2265.0
-5,-2305,-2270.0
-5,-2310,-2275.0
-5,-2315,-2280.0
-5,-2320,-2285.0
-5,-2325,-2290.0
-5,-2330,-2295.0
-5,-2335,-2300.0
-5,-2340,-2305.0
-5,-2345,-2310.0
-5,-2350,-2315.0
-5,-2355,-2320.0
-5,-2360,-2325.0
-5,-2365,-2330.0
-5,-2370,-2335.0
-5,-2375,-2340.0
-5,-2380,-2345.0
-5,-2385,-2350.0
-5,-2390,-2355.0
-5,-2395,-2360.0
-5,-2400,-2365.0
-5,-2405,-2370.0
-5,-2410,-2375.0
-5,-2415,-2380.0
-5,-2420,-2385.0
-5,-2425,-2390.0
-5,-2430,-2395.0
-5,-2435,-2400.0
-5,-2440,-2405.0
-5,-2445,-2410.0
-5,-2450,-2415.0
-5,-2455,-2420.0
-5,-2460,-2425.0
-5,-2465,-2430.0
-5,-2470,-2435.0
-5,-2475,-2440.0
-5,-2480,-2445.0
-5,-2485,-2450.0
-5,-2490,-2455.0
-5,-2495,-2460.0
-5,-2500,-2465.0
-5,-2505,-2470.0
-5,-2510,-2475.0
-5,-2515,-2480.0
-5,-2520,-2485.0
-5,-2525,-2490.0
-5,-2530,-2495.0
-5,-2535,-2500.0
-5,-2540,-2505.0
-5,-2545,-2510.0
-5,-2550,-2515.0
-5,-2555,-2520.0
-5,-2560,-2525.0
-5,-2565,-2530.0
-5,-2570,-2535.0
-5,-2575,-2540.0
-5,-2580,-2545.0
-5,-2585,-2550.0
-5,-2590,-2555.0
-5,-2595,-2560.0
-5,-2600,-2565.0
-5,-2605,-2570.0
-5,-2610,-2575.0
-5,-2615,-2580.0
-5,-2620,-2585.0
-5,-2625,-2590.0
-5,-2630,-2595.0
-5,-2635,-2600.0
-5,-2640,-2605.0
-5,-2645,-2610.0
-5,-2650,-2615.0
-5,-2655,-2620.0
-5,-2660,-2625.0
-5,-2665,-2630.0
-5,-2670,-2635.0
-5,-2675,-2640.0
-5,-2680,-2645.0
-5,-2685,-2650.0
-5,-2690,-2655.0
-5,-2695,-2660.0
-5,-2700,-2665.0
-5,-2705,-2670.0
-5,-2710,-2675.0
-5,-2715,-2680.0
-5,-2720,-2685.0
-5,-2725,-2690.0
-5,-2730,-2695.0
-5,-2735,-2700.0
-5,-2740,-2705.0
-5,-2745,-2710.0
-5,-2750,-2715.0
-5,-2755,-2720.0
-5,-2760,-2725.0
-5,-2765,-2730.0
-5,-2770,-2735.0
-5,-2775,-2740.0
-5,-2780,-2745.0
-5,-2785,-2750.0
-5,-2790,-2755.0
-5,-2795,-2760.0
-5,-2800,-2765.0
-5,-2805,-2770.0
-5,-2810,-2775.0
-5,-2815,-2780.0
-5,-2820,-2785.0
-5,-2825,-2790.0
-5,-2830,-2795.0
-5,-2835,-2800.0
-5,-2840,-2805.0
-5,-2845,-2810.0
-5,-2850,-2815.0
-5,-2855,-2820.0
-5,-2860,-2825.0
-5,-2865,-2830.0
-5,-2870,-2835.0
-5,-2875,-2840.0
-5,-2880,-2845.0
-5,-2885,-2850.0
-5,-2890,-2855.0
-5,-2895,-2860.0
-5,-2900,-2865.0
-5,-2905,-2870.0
-5,-2910,-2875.0
-5,-2915,-2880.0
-5,-2920,-2885.0
-5,-2925,-2890.0
-5,-2930,-2895.0
-5,-2935,-2900.0
-5,-2940,-2905.0
-5,-2945,-2910.0
-5,-2950,-2915.0
-5,-2955,-2920.0
-5,-2960,-2925.0
-5,-2965,-2930.0
-5,-2970,-2935.0
-5,-2975,-2940.0
-5,-2980,-2945.0
-5,-2985,-2950.0
-5,-2990,-2955.0
-5,-2995,-2960.0
-5,-3000,-2965.0
-5,-3005,-2970.0
-5,-3010,-2975.0
-5,-3015,-2980.0
-5,-3020,-2985.0
-5,-3025,-2990.0
-5,-3030,-2995.0
-5,-3035,-3000.0
-5,-3040,-3005.0
-5,-3045,-3010.0
-5,-3050,-3015.0
-5,-3055,-3020.0
-5,-3060,-3025.0
-5,-3065,-3030.0
-5,-3070,-3035.0
-5,-3075,-3040.0
-5,-3080,-3045.0
-5,-3085,-3050.0
-5,-3090,-3055.0
-5,-3095,-3060.0
-5,-3100,-3065.0
-5,-3105,-3070.0
-5,-3110,-3075.0
-5,-3115,-3080.0
-5,-3120,-3085.0
-5,-3125,-3090.0
-5,-3130,-3095.0
-5,-3135,-3100.0
-5,-3140,-3105.0
-5,-3145,-3110.0
-5,-3150,-3115.0
-5,-3155,-3120.0
-5,-3160,-3125.0
-5,-3165,-3130.0
-5,-3170,-3135.0
-5,-3175,-3140.0
-5,-3180,-3145.0
-5,-3185,-3150.0
-5,-3190,-3155.0
-5,-3195,-3160.0
-5,-3200,-3165.0
-5,-3205,-3170.0
-5,-3210,-3175.0
-5,-3215,-3180.0
-5,-3220,-3185.0
-5,-3225,-3190.0
-5,-3230,-3195.0
-5,-3235,-3200.0
-5,-3240,-3205.0
-5,-3245,-3210.0
-5,-3250,-3215.0
-5,-3255,-3220.0
-5,-3260,-3225.0
-5,-3265,-3230.0
-5,-3270,-3235.0
-5,-3275,-3240.0
-5,-3280,-3245.0
-5,-3285,-3250.0
-5,-3290,-3255.0
-5,-3295,-3260.0
-5,-3300,-3265.0
-5,-3305,-3270.0
-5,-3310,-3275.0
-5,-3315,-3280.0
-5,-3320,-3285.0
-5,-3325,-3290.0
-5,-3330,-3295.0
-5,-3335,-3300.0
-5,-3340,-3305.0
-5,-3345,-3310.0
-5,-3350,-3315.0
-5,-3355,-3320.0
-5,-3360,-3325.0
-5,-3365,-3330.0
-5,-3370,-3335.0
-5,-3375,-3340.0
-5,-3380,-3345.0
-5,-3385,-3350.0
-5,-3390,-3355.0
-5,-3395,-3360.0
-5,-3400,-3365.0
-5,-3405,-3370.0
-5,-3410,-3375.0
-5,-3415,-3380.0
-5,-3420,-3385.0
-5,-3425,-3390.0
-5,-3430,-3395.0
-5,-3435,-3400.0
-5,-3440,-3405.0
-5,-3445,-3410.0
-5,-3450,-3415.0
-5,-3455,-3420.0
-5,-3460,-3425.0
-5,-3465,-3430.0
-5,-3470,-3435.0
-5,-3475,-3440.0
-5,-3480,-3445.0
-5,-3485,-3450.0
-5,-3490,-3455.0
-5,-3495,-3460.0
-5,-3500,-3465.0
-5,-3505,-3470.0
-5,-3510,-3475.0
-5,-3515,-3480.0
-5,-3520,-3485.0
-5,-3525,-3490.0
-5,-3530,-3495.0
-5,-3535,-3500.0
-5,-3540,-3505.0
-5,-3545,-3510.0
-5,-3550,-3515.0
-5,-3555,-3520.0
-5,-3560,-3525.0
-5,-3565,-3530.0
-5,-3570,-3535.0
-5,-3575,-3540.0
-5,-3580,-3545.0
-5,-3585,-3550.0
-5,-3590,-3555.0
-5,-3595,-3560.0
-5,-3600,-3565.0
-5,-3605,-3570.0
-5,-3610,-3575.0
-5,-3615,-3580.0
-5,-3620,-3585.0
-5,-3625,-3590.0
-5,-3630,-3595.0
-5,-3635,-3600.0
-5,-3640,-3605.0
-5,-3645,-3610.0
-5,-3650,-3615.0
-5,-3655,-3620.0
-5,-3660,-3625.0
-5,-3665,-3630.0
-5,-3670,-3635.0
-5,-3675,-3640.0
-5,-3680,-3645.0
-5,-3685,-3650.0
-5,-3690,-3655.0
-5,-3695,-3660.0
-5,-3700,-3665.0
-5,-3705,-3670.0
-5,-3710,-3675.0
-5,-3715,-3680.0
-5,-3720,-3685.0
-5,-3725,-3690.0
-5,-3730,-3695.0
-5,-3735,-3700.0
-5,-3740,-3705.0
-5,-3745,-3710.0
-5,-3750,-3715.0
-5,-3755,-3720.0
-5,-3760,-3725.0
-5,-3765,-3730.0
-5,-3770,-3735.0
-5,-3775,-3740.0
-5,-3780,-3745.0
-5,-3785,-3750.0
-5,-3790,-3755.0
-5,-3795,-3760.0
-5,-3800,-3765.0
-5,-3805,-3770.0
-5,-3810,-3775.0
-5,-3815,-3780.0
-5,-3820,-3785.0
-5,-3825,-3790.0
-5,-3830,-3795.0
-5,-3835,-3800.0
-5,-3840,-3805.0
-5,-3845,-3810.0
-5,-3850,-3815.0
-5,-3855,-3820.0
-5,-3860,-3825.0
-5,-3865,-3830.0
-5,-3870,-3835.0
-5,-3875,-3840.0
-5,-3880,-3845.0
-5,-3885,-3850.0
-5,-3890,-3855.0
-5,-3895,-3860.0
-5,-3900,-3865.0
-5,-3905,-3870.0
-5,-3910,-3875.0
-5,-3915,-3880.0
-5,-3920,-3885.0
-5,-3925,-3890.0
-5,-3930,-3895.0
-5,-3935,-3900.0
-5,-3940,-3905.0
-5,-3945,-3910.0
-5,-3950,-3915.0
-5,-3955,-3920.0
-5,-3960,-3925.0
-5,-3965,-3930.0
-5,-3970,-3935.0
-5,-3975,-3940.0
-5,-3980,-3945.0
-5,-3985,-3950.0
-5,-3990,-3955.0
-5,-3995,-3960.0
-5,-4000,-3965.0
-5,-4005,-3970.0
-5,-4010,-3975.0
-5,-4015,-3980.0
-5,-4020,-3985.0
-5,-4025,-3990.0
-5,-4030,-3995.0
-5,-4035,-4000.0
-5,-4040,-4005.0
-5,-4045,-4010.0
-5,-4050,-4015.0
-5,-4055,-4020.0
-5,-4060,-4025.0
-5,-4065,-4030.0
-5,-4070,-4035.0
-5,-4075,-4040.0
-5,-4080,-4045.0
-5,-4085,-4050.0
-5,-4090,-4055.0
-5,-4095,-4060.0
-5,-4100,-4065.0
-5,-4105,-4070.0
-5,-4110,-4075.0
-5,-4115,-4080.0
-5,-4120,-4085.0
-5,-4125,-4090.0
-5,-4130,-4095.0
-5,-4135,-4100.0
-5,-4140,-4105.0
-5,-4145,-4110.0
-5,-4150,-4115.0
-5,-4155,-4120.0
-5,-4160,-4125.0
-5,-4165,-4130.0
-5,-4170,-4135.0
-5,-4175,-4140.0
-5,-4180,-4145.0
-5,-4185,-4150.0
-5,-4190,-4155.0
-5,-4195,-4160.0
-5,-4200,-4165.0
-5,-4205,-4170.0
-5,-4210,-4175.0
-5,-4215,-4180.0
-5,-4220,-4185.0
-5,-4225,-4190.0
-5,-4230,-4195.0
-5,-4235,-4200.0
-5,-4240,-4205.0
-5,-4245,-4210.0
-5,-4250,-4215.0
-5,-4255,-4220.0
-5,-4260,-4225.0
-5,-4265,-4230.0
-5,-4270,-4235.0
-5,-4275,-4240.0
-5,-4280,-4245.0
-5,-4285,-4250.0
-5,-4290,-4255.0
-5,-4295,-4260.0
-5,-4300,-4265.0
-5,-4305,-4270.0
-5,-4310,-4275.0
-5,-4315,-4280.0
-5,-4320,-4285.0
-5,-4325,-4290.0
-5,-4330,-4295.0
-5,-4335,-4300.0
-5,-4340,-4305.0
-5,-4345,-4310.0
-5,-4350,-4315.0
-5,-4355,-4320.0
-5,-4360,-4325.0
-5,-4365,-4330.0
-5,-4370,-4335.0
-5,-4375,-4340.0
-5,-4380,-4345.0
-5,-4385,-4350.0
-5,-4390,-4355.0
-5,-4395,-4360.0
-5,-4400,-4365.0
-5,-4405,-4370.0
-5,-4410,-4375.0
-5,-4415,-4380.0
-5,-4420,-4385.0
-5,-4425,-4390.0
-5,-4430,-4395.0
-5,-4435,-4400.0
-5,-4440,-4405.0
-5,-4445,-4410.0
-5,-4450,-4415.0
-5,-4455,-4420.0
-5,-4460,-4425.0
-5,-4465,-4430.0
-5,-4470,-4435.0
-5,-4475,-4440.0
-5,-4480,-4445.0
-5,-4485,-4450.0
-5,-4490,-4455.0
-5,-4495,-4460.0
-5,-4500,-4465.0
-5,-4505,-4470.0
-5,-4510,-4475.0
-5,-4515,-4480.0
-5,-4520,-4485.0
-5,-4525,-4490.0
-5,-4530,-4495.0
-5,-4535,-4500.0
-5,-4540,-4505.0
-5,-4545,-4510.0
-5,-4550,-4515.0
-5,-4555,-4520.0
-5,-4560,-4525.0
-5,-4565,-4530.0
-5,-4570,-4535.0
-5,-4575,-4540.0
-5,-4580,-4545.0
-5,-4585,-4550.0
-5,-4590,-4555.0
-5,-4595,-4560.0
-5,-4600,-4565.0
-5,-4605,-4570.0
-5,-4610,-4575.0
-5,-4615,-4580.0
-5,-4620,-4585.0
-5,-4625,-4590.0
-5,-4630,-4595.0
-5,-4635,-4600.0
-5,-4640,-4605.0
-5,-4645,-4610.0
-5,-4650,-4615.0
-5,-4655,-4620.0
-5,-4660,-4625.0
-5,-4665,-4630.0
-5,-4670,-4635.0
-5,-4675,-4640.0
-5,-4680,-4645.0
-5,-4685,-4650.0
-5,-4690,-4655.0
-5,-4695,-4660.0
-5,-4700,-4665.0
-5,-4705,-4670.0
-5,-4710,-4675.0
-5,-4715,-4680.0
-5,-4720,-4685.0
-5,-4725,-4690.0
-5,-4730,-4695.0
-5,-4735,-4700.0
-5,-4740,-4705.0
-5,-4745,-4710.0
-5,-4750,-4715.0
-5,-4755,-4720.0
-5,-4760,-4725.0
-5,-4765,-4730.0
-5,-4770,-4735.0
-5,-4775,-4740.0
-5,-4780,-4745.0
-5,-4785,-4750.0
-5,-4790,-4755.0
-5,-4795,-4760.0
-5,-4800,-4765.0
-5,-4805,-4770.0
-5,-4810,-4775.0
-5,-4815,-4780.0
-5,-4820,-4785.0
-5,-4825,-4790.0
-5,-4830,-4795.0
-5,-4835,-4800.0
-5,-4840,-4805.0
-5,-4845,-4810.0
-5,-4850,-4815.0
-5,-4855,-4820.0
-5,-4860,-4825.0
-5,-4865,-4830.0
-5,-4870,-4835.0
-5,-4875,-4840.0
-5,-4880,-4845.0
-5,-4885,-4850.0
-5,-4890,-4855.0
-5,-4895,-4860.0
-5,-4900,-4865.0
-5,-4905,-4870.0
-5,-4910,-4875.0
-5,-4915,-4880.0
-5,-4920,-4885.0
-5,-4925,-4890.0
-5,-4930,-4895.0
-5,-4935,-4900.0
-5,-4940,-4905.0
-5,-4945,-4910.0
-5,-4950,-4915.0
-5,-4955,-4920.0
-5,-4960,-4925.0
-5,-4965,-4930.0
-5,-4970,-4935.0
-5,-4975,-4940.0
-5,-4980,-4945.0
-5,-4985,-4950.0
-5,-4990,-4955.0
-5,-4995,-4960.0
-5,-5000,-4965.0
-5,-5005,-4970.0
-5,-5010,-4975.0
-5,-5015,-4980.0
-5,-5020,-4985.0
-5,-5025,-4990.0
-5,-5030,-4995.0
-5,-5035,-5000.0
-5,-5040,-5005.0
-5,-5045,-5010.0
-5,-5050,-5015.0
-5,-5055,-5020.0
-5,-5060,-5025.0
-5,-5065,-5030.0
-5,-5070,-5035.0
-5,-5075,-5040.0
-5,-5080,-5045.0
-5,-5085,-5050.0
-5,-5090,-5055.0
-5,-5095,-5060.0
-5,-5100,-5065.0
-5,-5105,-5070.0
-5,-5110,-5075.0
-5,-5115,-5080.0
-5,-5120,-5085.0
-5,-5125,-5090.0
-5,-5130,-5095.0
-5,-5135,-5100.0
-5,-5140,-5105.0
-5,-5145,-5110.0
-5,-5150,-5115.0
-5,-5155,-5120.0
-5,-5160,-5125.0
-5,-5165,-5130.0
-5,-5170,-5135.0
-5,-5175,-5140.0
-5,-5180,-5145.0
-5,-5185,-5150.0
-5,-5190,-5155.0
-5,-5195,-5160.0
-5,-5200,-5165.0
-5,-5205,-5170.0
-5,-5210,-5175.0
-5,-5215,-5180.0
-5,-5220,-5185.0
-5,-5225,-5190.0
-5,-5230,-5195.0
-5,-5235,-5200.0
-5,-5240,-5205.0
-5,-5245,-5210.0
-5,-5250,-5215.0
-5,-5255,-5220.0
-5,-5260,-5225.0
-5,-5265,-5230.0
-5,-5270,-5235.0
-5,-5275,-5240.0
-5,-5280,-5245.0
-5,-5285,-5250.0
-5,-5290,-5255.0
-5,-5295,-5260.0
-5,-5300,-5265.0
-5,-5305,-5270.0
-5,-5310,-5275.0
-5,-5315,-5280.0
-5,-5320,-5285.0
-5,-5325,-5290.0
-5,-5330,-5295.0
-5,-5335,-5300.0
-5,-5340,-5305.0
-5,-5345,-5310.0
-5,-5350,-5315.0
-5,-5355,-5320.0
-5,-5360,-5325.0
-5,-5365,-5330.0
-5,-5370,-5335.0
-5,-5375,-5340.0
-5,-5380,-5345.0
-5,-5385,-5350.0
-5,-5390,-5355.0
-5,-5395,-5360.0
-5,-5400,-5365.0
-5,-5405,-5370.0
-5,-5410,-5375.0
-5,-5415,-5380.0
-5,-5420,-5385.0
-5,-5425,-5390.0
-5,-5430,-5395.0
-5,-5435,-5400.0
-5,-5440,-5405.0
-5,-5445,-5410.0
-5,-5450,-5415.0
-5,-5455,-5420.0
-5,-5460,-5425.0
-5,-5465,-5430.0
-5,-5470,-5435.0
-5,-5475,-5440.0
-5,-5480,-5445.0
-5,-5485,-5450.0
-5,-5490,-5455.0
-5,-5495,-5460.0
-5,-5500,-5465.0
-5,-5505,-5470.0
-5,-5510,-5475.0
-5,-5515,-5480.0
-5,-5520,-5485.0
-5,-5525,-5490.0
-5,-5530,-5495.0
-5,-5535,-5500.0
-5,-5540,-5505.0
-5,-5545,-5510.0
-5,-5550,-5515.0
-5,-5555,-5520.0
-5,-5560,-5525.0
-5,-5565,-5530.0
-5,-5570,-5535.0
-5,-5575,-5540.0
-5,-5580,-5545.0
-5,-5585,-5550.0
-5,-5590,-5555.0
-5,-5595,-5560.0
-5,-5600,-5565.0
-5,-5605,-5570.0
-5,-5610,-5575.0
-5,-5615,-5580.0
-5,-5620,-5585.0
-5,-5625,-5590.0
-5,-5630,-5595.0
-5,-5635,-5600.0
-5,-5640,-5605.0
-5,-5645,-5610.0
-5,-5650,-5615.0
-5,-5655,-5620.0
-5,-5660,-5625.0
-5,-5665,-5630.0
-5,-5670,-5635.0
-5,-5675,-5640.0
-5,-5680,-5645.0
-5,-5685,-5650.0
-5,-5690,-5655.0
-5,-5695,-5660.0
-5,-5700,-5665.0
-5,-5705,-5670.0
-5,-5710,-5675.0
-5,-5715,-5680.0
-5,-5720,-5685.0
-5,-5725,-5690.0
-5,-5730,-5695.0
-5,-5735,-5700.0
-5,-5740,-5705.0
-5,-5745,-5710.0
-5,-5750,-5715.0
-5,-5755,-5720.0
-5,-5760,-5725.0
-5,-5765,-5730.0
-5,-5770,-5735.0
-5,-5775,-5740.0
-5,-5780,-5745.0
-5,-5785,-5750.0
-5,-5790,-5755.0
-5,-5795,-5760.0
-5,-5800,-5765.0
-5,-5805,-5770.0
-5,-5810,-5775.0
-5,-5815,-5780.0
-5,-5820,-5785.0
-5,-5825,-5790.0
-5,-5830,-5795.0
-5,-5835,-5800.0
-5,-5840,-5805.0
-5,-5845,-5810.0
-5,-5850,-5815.0
-5,-5855,-5820.0
-5,-5860,-5825.0
-5,-5865,-5830.0
-5,-5870,-5835.0
-5,-5875,-5840.0
-5,-5880,-5845.0
-5,-5885,-5850.0
-5,-5890,-5855.0
-5,-5895,-5860.0
-5,-5900,-5865.0
-5,-5905,-5870.0
-5,-5910,-5875.0
-5,-5915,-5880.0
-5,-5920,-5885.0
-5,-5925,-5890.0
-5,-5930,-5895.0
-5,-5935,-5900.0
-5,-5940,-5905.0
-5,-5945,-5910.0
-5,-5950,-5915.0
-5,-5955,-5920.0
-5,-5960,-5925.0
-5,-5965,-5930.0
-5,-5970,-5935.0
-5,-5975,-5940.0
-5,-5980,-5945.0
-5,-5985,-5950.0
-5,-5990,-5955.0
-5,-5995,-5960.0
-5,-6000,-5965.0
-5,-6005,-5970.0
-5,-6010,-5975.0
-5,-6015,-5980.0
-5,-6020,-5985.0
-5,-6025,-5990.0
-5,-6030,-5995.0
-5,-6035,-6000.0
-5,-6040,-6005.0
-5,-6045,-6010.0
-5,-6050,-6015.0
-5,-6055,-6020.0
-5,-6060,-6025.0
-5,-6065,-6030.0
-5,-6070,-6035.0
-5,-6075,-6040.0
-5,-6080,-6045.0
-5,-6085,-6050.0
-5,-6090,-6055.0
-5,-6095,-6060.0
-5,-6100,-6065.0
-5,-6105,-6070.0
-5,-6110,-6075.0
-5,-6115,-6080.0
-5,-6120,-6085.0
-5,-6125,-6090.0
-5,-6130,-6095.0
-5,-6135,-6100.0
-5,-6140,-6105.0
-5,-6145,-6110.0
-5,-6150,-6115.0
-5,-6155,-6120.0
-5,-6160,-6125.0
-5,-6165,-6130.0
-5,-6170,-6135.0
-5,-6175,-6140.0
-5,-6180,-6145.0
-5,-6185,-6150.0
-5,-6190,-6155.0
-5,-6195,-6160.0
-5,-6200,-6165.0
-5,-6205,-6170.0
-5,-6210,-6175.0
-5,-6215,-6180.0
-5,-6220,-6185.0
-5,-6225,-6190.0
-5,-6230,-6195.0
-5,-6235,-6200.0
-5,-6240,-6205.0
-5,-6245,-6210.0
-5,-6250,-6215.0
-5,-6255,-6220.0
-5,-6260,-6225.0
-5,-6265,-6230.0
-5,-6270,-6235.0
-5,-6275,-6240.0
-5,-6280,-6245.0
-5,-6285,-6250.0
-5,-6290,-6255.0
-5,-6295,-6260.0
-5,-6300,-6265.0
-5,-6305,-6270.0
-5,-6310,-6275.0
-5,-6315,-6280.0
-5,-6320,-6285.0
-5,-6325,-6290.0
-5,-6330,-6295.0
-5,-6335,-6300.0
-5,-6340,-6305.0
-5,-6345,-6310.0
-5,-6350,-6315.0
-5,-6355,-6320.0
-5,-6360,-6325.0
-5,-6365,-6330.0
-5,-6370,-6335.0
-5,-6375,-6340.0
-5,-6380,-6345.0
-5,-6385,-6350.0
-5,-6390,-6355.0
-5,-6395,-6360.0
-5,-6400,-6365.0
-5,-6405,-6370.0
-5,-6410,-6375.0
-5,-6415,-6380.0
-5,-6420,-6385.0
-5,-6425,-6390.0
-5,-6430,-6395.0
-5,-6435,-6400.0
-5,-6440,-6405.0
-5,-6445,-6410.0
-5,-6450,-6415.0
-5,-6455,-6420.0
-5,-6460,-6425.0
-5,-6465,-6430.0
-5,-6470,-6435.0
-5,-6475,-6440.0
-5,-6480,-6445.0
-5,-6485,-6450.0
-5,-6490,-6455.0
-5,-6495,-6460.0
-5,-6500,-6465.0
-5,-6505,-6470.0
-5,-6510,-6475.0
-5,-6515,-6480.0
-5,-6520,-6485.0
-5,-6525,-6490.0
-5,-6530,-6495.0
-5,-6535,-6500.0
-5,-6540,-6505.0
-5,-6545,-6510.0
-5,-6550,-6515.0
-5,-6555,-6520.0
-5,-6560,-6525.0
-5,-6565,-6530.0
-5,-6570,-6535.0
-5,-6575,-6540.0
-5,-6580,-6545.0
-5,-6585,-6550.0
-5,-6590,-6555.0
-5,-6595,-6560.0
-5,-6600,-6565.0
-5,-6605,-6570.0
-5,-6610,-6575.0
-5,-6615,-6580.0
-5,-6620,-6585.0
-5,-6625,-6590.0
-5,-6630,-6595.0
-5,-6635,-6600.0
-5,-6640,-6605.0
-5,-6645,-6610.0
-5,-6650,-6615.0
-5,-6655,-6620.0
-5,-6660,-6625.0
-5,-6665,-6630.0
-5,-6670,-6635.0
-5,-6675,-6640.0
-5,-6680,-6645.0
-5,-6685,-6650.0
-5,-6690,-6655.0
-5,-6695,-6660.0
-5,-6700,-6665.0
-5,-6705,-6670.0
-5,-6710,-6675.0
-5,-6715,-6680.0
-5,-6720,-6685.0
-5,-6725,-6690.0
-5,-6730,-6695.0
-5,-6735,-6700.0
-5,-6740,-6705.0
-5,-6745,-6710.0
-5,-6750,-6715.0
-5,-6755,-6720.0
-5,-6760,-6725.0
-5,-6765,-6730.0
-5,-6770,-6735.0
-5,-6775,-6740.0
-5,-6780,-6745.0
-5,-6785,-6750.0
-5,-6790,-6755.0
-5,-6795,-6760.0
-5,-6800,-6765.0
-5,-6805,-6770.0
-5,-6810,-6775.0
-5,-6815,-6780.0
-5,-6820,-6785.0
-5,-6825,-6790.0
-5,-6830,-6795.0
-5,-6835,-6800.0
-5,-6840,-6805.0
-5,-6845,-6810.0
-5,-6850,-6815.0
-5,-6855,-6820.0
-5,-6860,-6825.0
-5,-6865,-6830.0
-5,-6870,-6835.0
-5,-6875,-6840.0
-5,-6880,-6845.0
-5,-6885,-6850.0
-5,-6890,-6855.0
-5,-6895,-6860.0
-5,-6900,-6865.0
-5,-6905,-6870.0
-5,-6910,-6875.0
-5,-6915,-6880.0
-5,-6920,-6885.0
-5,-6925,-6890.0
-5,-6930,-6895.0
-5,-6935,-6900.0
-5,-6940,-6905.0
-5,-6945,-6910.0
-5,-6950,-6915.0
-5,-6955,-6920.0
-5,-6960,-6925.0
-5,-6965,-6930.0
-5,-6970,-6935.0
-5,-6975,-6940.0
-5,-6980,-6945.0
-5,-6985,-6950.0
-5,-6990,-6955.0
-5,-6995,-6960.0
-5,-7000,-6965.0
-5,-7005,-6970.0
-5,-7010,-6975.0
-5,-7015,-6980.0
-5,-7020,-6985.0
-5,-7025,-6990.0
-5,-7030,-6995.0
-5,-7035,-7000.0
-5,-7040,-7005.0
-5,-7045,-7010.0
-5,-7050,-7015.0
-5,-7055,-7020.0
-5,-7060,-7025.0
-5,-7065,-7030.0
-5,-7070,-7035.0
-5,-7075,-7040.0
-5,-7080,-7045.0
-5,-7085,-7050.0
-5,-7090,-7055.0
-5,-7095,-7060.0
-5,-7100,-7065.0
-5,-7105,-7070.0
-5,-7110,-7075.0
-5,-7115,-7080.0
-5,-7120,-7085.0
-5,-7125,-7090.0
-5,-7130,-7095.0
-5,-7135,-7100.0
-5,-7140,-7105.0
-5,-7145,-7110.0
-5,-7150,-7115.0
-5,-7155,-7120.0
-5,-7160,-7125.0
-5,-7165,-7130.0
-5,-7170,-7135.0
-5,-7175,-7140.0
-5,-7180,-7145.0
-5,-7185,-7150.0
-5,-7190,-7155.0
-5,-7195,-7160.0
-5,-7200,-7165.0
-5,-7205,-7170.0
-5,-7210,-7175.0
-5,-7215,-7180.0
-5,-7220,-7185.0
-5,-7225,-7190.0
-5,-7230,-7195.0
-5,-7235,-7200.0
-5,-7240,-7205.0
-5,-7245,-7210.0
-5,-7250,-7215.0
-5,-7255,-7220.0
-5,-7260,-7225.0
-5,-7265,-7230.0
-5,-7270,-7235.0
-5,-7275,-7240.0
-5,-7280,-7245.0
-5,-7285,-7250.0
-5,-7290,-7255.0
-5,-7295,-7260.0
-5,-7300,-7265.0
-5,-7305,-7270.0
-5,-7310,-7275.0
-5,-7315,-7280.0
-5,-7320,-7285.0
-5,-7325,-7290.0
-5,-7330,-7295.0
-5,-7335,-7300.0
-5,-7340,-7305.0
-5,-7345,-7310.0
-5,-7350,-7315.0
-5,-7355,-7320.0
-5,-7360,-7325.0
-5,-7365,-7330.0
-5,-7370,-7335.0
-5,-7375,-7340.0
-5,-7380,-7345.0
-5,-7385,-7350.0
-5,-7390,-7355.0
-5,-7395,-7360.0
-5,-7400,-7365.0
-5,-7405,-7370.0
-5,-7410,-7375.0
-5,-7415,-7380.0
-5,-7420,-7385.0
-5,-7425,-7390.0
-5,-7430,-7395.0
-5,-7435,-7400.0
-5,-7440,-7405.0
-5,-7445,-7410.0
-5,-7450,-7415.0
-5,-7455,-7420.0
-5,-7460,-7425.0
-5,-7465,-7430.0
-5,-7470,-7435.0
-5,-7475,-7440.0
-5,-7480,-7445.0
-5,-7485,-7450.0
-5,-7490,-7455.0
-5,-7495,-7460.0
-5,-7500,-7465.0
-5,-7505,-7470.0
-5,-7510,-7475.0
-5,-7515,-7480.0
-5,-7520,-7485.0
-5,-7525,-7490.0
-5,-7530,-7495.0
-5,-7535,-7500.0
-5,-7540,-7505.0
-5,-7545,-7510.0
-5,-7550,-7515.0
-5,-7555,-7520.0
-5,-7560,-7525.0
-5,-7565,-7530.0
-5,-7570,-7535.0
-5,-7575,-7540.0
-5,-7580,-7545.0
-5,-7585,-7550.0
-5,-7590,-7555.0
-5,-7595,-7560.0
-5,-7600,-7565.0
-5,-7605,-7570.0
-5,-7610,-7575.0
-5,-7615,-7580.0
-5,-7620,-7585.0
-5,-7625,-7590.0
-5,-7630,-7595.0
-5,-7635,-7600.0
-5,-7640,-7605.0
-5,-7645,-7610.0
-5,-7650,-7615.0
-5,-7655,-7620.0
-5,-7660,-7625.0
-5,-7665,-7630.0
-5,-7670,-7635.0
-5,-7675,-7640.0
-5,-7680,-7645.0
-5,-7685,-7650.0
-5,-7690,-7655.0
-5,-7695,-7660.0
-5,-7700,-7665.0
-5,-7705,-7670.0
-5,-7710,-7675.0
-5,-7715,-7680.0
-5,-7720,-7685.0
-5,-7725,-7690.0
-5,-7730,-7695.0
-5,-7735,-7700.0
-5,-7740,-7705.0
-5,-7745,-7710.0
-5,-7750,-7715.0
-5,-7755,-7720.0
-5,-7760,-7725.0
-5,-7765,-7730.0
-5,-7770,-7735.0
-5,-7775,-7740.0
-5,-7780,-7745.0
-5,-7785,-7750.0
-5,-7790,-7755.0
-5,-7795,-7760.0
-5,-7800,-7765.0
-5,-7805,-7770.0
-5,-7810,-7775.0
-5,-7815,-7780.0
-5,-7820,-7785.0
-5,-7825,-7790.0
-5,-7830,-7795.0
-5,-7835,-7800.0
-5,-7840,-7805.0
-5,-7845,-7810.0
-5,-7850,-7815.0
-5,-7855,-7820.0
-5,-7860,-7825.0
-5,-7865,-7830.0
-5,-7870,-7835.0
-5,-7875,-7840.0
-5,-7880,-7845.0
-5,-7885,-7850.0
-5,-7890,-7855.0
-5,-7895,-7860.0
-5,-7900,-7865.0
-5,-7905,-7870.0
-5,-7910,-7875.0
-5,-7915,-7880.0
-5,-7920,-7885.0
-5,-7925,-7890.0
-5,-7930,-7895.0
-5,-7935,-7900.0
-5,-7940,-7905.0
-5,-7945,-7910.0
-5,-7950,-7915.0
-5,-7955,-7920.0
-5,-7960,-7925.0
-5,-7965,-7930.0
-5,-7970,-7935.0
-5,-7975,-7940.0
-5,-7980,-7945.0
-5,-7985,-7950.0
-5,-7990,-7955.0
-5,-7995,-7960.0
-5,-8000,-7965.0
-5,-8005,-7970.0
-5,-8010,-7975.0
-5,-8015,-7980.0
-5,-8020,-7985.0
-5,-8025,-7990.0
-5,-8030,-7995.0
-5,-8035,-8000.0
-5,-8040,-8005.0
-5,-8045,-8010.0
-5,-8050,-8015.0
-5,-8055,-8020.0
-5,-8060,-8025.0
-5,-8065,-8030.0
-5,-8070,-8035.0
-5,-8075,-8040.0
-5,-8080,-8045.0
-5,-8085,-8050.0
-5,-8090,-8055.0
-5,-8095,-8060.0
-5,-8100,-8065.0
-5,-8105,-8070.0
-5,-8110,-8075.0
-5,-8115,-8080.0
-5,-8120,-8085.0
-5,-8125,-8090.0
-5,-8130,-8095.0
-5,-8135,-8100.0
-5,-8140,-8105.0
-5,-8145,-8110.0
-5,-8150,-8115.0
-5,-8155,-8120.0
-5,-8160,-8125.0
-5,-8165,-8130.0
-5,-8170,-8135.0
-5,-8175,-8140.0
-5,-8180,-8145.0
-5,-8185,-8150.0
-5,-8190,-8155.0
-5,-8195,-8160.0
-5,-8200,-8165.0
-5,-8205,-8170.0
-5,-8210,-8175.0
-5,-8215,-8180.0
-5,-8220,-8185.0
-5,-8225,-8190.0
-5,-8230,-8195.0
-5,-8235,-8200.0
-5,-8240,-8205.0
-5,-8245,-8210.0
-5,-8250,-8215.0
-5,-8255,-8220.0
-5,-8260,-8225.0
-5,-8265,-8230.0
-5,-8270,-8235.0
-5,-8275,-8240.0
-5,-8280,-8245.0
-5,-8285,-8250.0
-5,-8290,-8255.0
-5,-8295,-8260.0
-5,-8300,-8265.0
-5,-8305,-8270.0
-5,-8310,-8275.0
-5,-8315,-8280.0
-5,-8320,-8285.0
-5,-8325,-8290.0
-5,-8330,-8295.0
-5,-8335,-8300.0
-5,-8340,-8305.0
-5,-8345,-8310.0
-5,-8350,-8315.0
-5,-8355,-8320.0
-5,-8360,-8325.0
-5,-8365,-8330.0
-5,-8370,-8335.0
-5,-8375,-8340.0
-5,-8380,-8345.0
-5,-8385,-8350.0
-5,-8390,-8355.0
-5,-8395,-8360.0
-5,-8400,-8365.0
-5,-8405,-8370.0
-5,-8410,-8375.0
-5,-8415,-8380.0
-5,-8420,-8385.0
-5,-8425,-8390.0
-5,-8430,-8395.0
-5,-8435,-8400.0
-5,-8440,-8405.0
-5,-8445,-8410.0
-5,-8450,-8415.0
-5,-8455,-8420.0
-5,-8460,-8425.0
-5,-8465,-8430.0
-5,-8470,-8435.0
-5,-8475,-8440.0
-5,-8480,-8445.0
-5,-8485,-8450.0
-5,-8490,-8455.0
-5,-8495,-8460.0
-5,-8500,-8465.0
-5,-8505,-8470.0
-5,-8510,-8475.0
-5,-8515,-8480.0
-5,-8520,-8485.0
-5,-8525,-8490.0
-5,-8530,-8495.0
-5,-8535,-8500.0
-5,-8540,-8505.0
-5,-8545,-8510.0
-5,-8550,-8515.0
-5,-8555,-8520.0
-5,-8560,-8525.0
-5,-8565,-8530.0
-5,-8570,-8535.0
-5,-8575,-8540.0
-5,-8580,-8545.0
-5,-8585,-8550.0
-5,-8590,-8555.0
-5,-8595,-8560.0
-5,-8600,-8565.0
-5,-8605,-8570.0
-5,-8610,-8575.0
-5,-8615,-8580.0
-5,-8620,-8585.0
-5,-8625,-8590.0
-5,-8630,-8595.0
-5,-8635,-8600.0
-5,-8640,-8605.0
-5,-8645,-8610.0
-5,-8650,-8615.0
-5,-8655,-8620.0
-5,-8660,-8625.0
-5,-8665,-8630.0
-5,-8670,-8635.0
-5,-8675,-8640.0
-5,-8680,-8645.0
-5,-8685,-8650.0
-5,-8690,-8655.0
-5,-8695,-8660.0
-5,-8700,-8665.0
-5,-8705,-8670.0
-5,-8710,-8675.0
-5,-8715,-8680.0
-5,-8720,-8685.0
-5,-8725,-8690.0
-5,-8730,-8695.0
-5,-8735,-8700.0
-5,-8740,-8705.0
-5,-8745,-8710.0
-5,-8750,-8715.0
-5,-8755,-8720.0
-5,-8760,-8725.0
-5,-8765,-8730.0
-5,-8770,-8735.0
